sku,name,inv,ean,erli_pln,bl_retail_pln,multistore_pln,erli_vs_bl_pct,erli_vs_multistore_pct,flags,stock
10,Pokrywa osłona plandeka na basen 305 cm INTEX 28021,MultiStore,6941057403946,27.0,27.0,27.0,100%,100%,LOSS,0
100,Zestaw do czyszczenia basenów odkurzacz wodny siatka szczotka INTEX 28003,MultiStore,6941057403915,125.0,125.0,125.0,100%,100%,LOSS,26
1004,NAMIOT DLA DZIECI DO ZABAWY NAMOCIK DOMEK KOSMOS HOPLA TOYS,MultiStore,6958868881931,34.0,34.0,34.0,100%,100%,LOSS,317
1005,NAMIOT DLA DZIECI DO ZABAWY NAMIOCIK TĘCZA HOPLA TOYS,MultiStore,6958868881924,35.0,35.0,35.0,100%,100%,LOSS,230
102,Zestaw czyszczący do czyszczenia basenów z odkurzaczem wodnym INTEX 28002,MultiStore,6941057420028,45.0,45.0,45.0,100%,100%,LOSS,0
1020,DREWNIANA KUCHNIA DLA DZIECI ZE ŚWIATŁEM I DŹWIĘKIEM POLECANA HOPLA TOYS,MultiStore,5903089066170,175.0,175.0,175.0,100%,100%,LOSS,90
103,Dozownik pojemnik do chloru chemii do basenu INTEX 29041,MultiStore,6941057404561,16.0,16.0,16.0,100%,100%,LOSS,0
1053,Skrzynka na listy stal galwanizowana antracyt ModernHome,MultiStore,5903089068792,69.0,69.0,69.0,100%,100%,LOSS,0
1054,Skrzynka na listy z gazetownikiem stal galwanizowana ModernHome,MultiStore,5903089067122,50.0,50.0,50.0,100%,100%,LOSS,0
1057,Skrzynka na listy z gazetownikiem stalowa ścienna galwanizowana ModenrHome,MultiStore,5903089067092,47.0,47.0,47.0,100%,100%,LOSS,0
1059,Fotel bujany regulowany podnóżek biało czarny ModernHome,MultiStore,5903089066781,280.0,280.0,280.0,100%,100%,LOSS,32
1080,Namiot pawilon ogrodowy eventowy na piknik + torba szary MultiGarden,MultiStore,5903089067641,230.0,230.0,230.0,100%,100%,LOSS,0
1110,Szafka na pralkę łazienkowa biała szafka z półkami 183 cm ModernHome,MultiStore,5903089067887,199.0,199.0,199.0,100%,100%,LOSS,74
1151,Leżanka ogrodowa z dużym owalnym daszkiem MultiGarden,MultiStore,5905817001125,399.0,399.0,399.0,100%,100%,LOSS,0
1158,Nowoczesny stolik kawowy półka drewniane nogi biały ModernHome,MultiStore,5903089066903,190.0,190.0,190.0,100%,100%,LOSS,200
1162,Pokrywa osłona na basen stelażowy 457 cm INTEX 28032,MultiStore,6941057403984,53.0,53.0,53.0,100%,100%,LOSS,0
1168,Pompka nożna do materaca 3 końcówki INTEX 69611,MultiStore,6941057466118,15.0,15.0,15.0,100%,100%,LOSS,0
1169,Leżak ogrodowy plażowy regulacja oparcia ruchomy daszek MultiGarden - czarny,MultiStore,5903089067467,125.0,125.0,125.0,100%,100%,LOSS,0
1170,Filtr filtry 6 sztuk typ B do pompy INTEX 29005,MultiStore,5903769976263,87.0,87.0,87.0,100%,100%,LOSS,0
1192,Pompa piaskowa filtrująca do basenów 4500 L/h INTEX 26644,MultiStore,6941057413884,459.0,459.0,459.0,100%,100%,LOSS,0
12,Pokrywa osłona plandeka na basen 305x183 cm INTEX 58412,MultiStore,6941057402604,24.0,24.0,24.0,100%,100%,LOSS,0
1201,Materac dmuchany dwuosobowy 203x183 cm welurowy INTEX 64755,MultiStore,6941057412429,60.0,60.0,60.0,100%,100%,LOSS,0
1202,Pokrywa do basenu stelażowego 300x200 cm INTEX 28038,MultiStore,6941057404011,36.0,36.0,36.0,100%,100%,LOSS,0
1204,Materac dmuchany dwuosobowy welurowy 191x137 cm INTEX 64758,MultiStore,6941057412450,45.0,45.0,45.0,100%,100%,LOSS,0
1239,STOLIK Z DWOMA KRZESŁAMI ZESTAW MEBLI DLA DZIECI KOLOROWA HOPLA TOYS,MultiStore,5903089068716,230.0,230.0,230.0,100%,100%,LOSS,238
1254,ZABAWKA DLA DZIECI DREWNIANA METALOWE STRUNY KOSTKA RÓŻOWA HOPLA TOYS,MultiStore,5903089068723,49.0,49.0,49.0,100%,100%,LOSS,0
1259,NAMIOT DLA DZIECI WARSZTAT SAMOCHODOWY NAMIOCIK MECHANIKA HOPLA TOYS,MultiStore,6958868881740,51.0,51.0,51.0,100%,100%,LOSS,0
1261,NAMIOT DLA DZIECI INDIAŃSKI TIPI WIGWAM DOMEK HOPLA TOYS,MultiStore,6958868887070,27.0,27.0,27.0,100%,100%,LOSS,159
1266,Wieszak stojący stojak na kółkach z 2 półkami na ubrania buty ModernHome,MultiStore,5903089068846,75.0,75.0,75.0,100%,100%,LOSS,0
1276,Krzesło obrotowe biurowe z podnośnikiem poduszką chromowane nogi czarne ModernHo,MultiStore,5903769976027,125.0,125.0,125.0,100%,100%,LOSS,0
1278,DREWNIANA KUCHNIA DLA DZIECI Z PIEKARNIKIEM + AKCESORIA HOPLA TOYS,MultiStore,5903769971527,130.0,130.0,130.0,100%,100%,LOSS,0
1289,DOMEK DLA LALEK DREWNIANY 3 PIĘTRA XXL REZYDENCJA PUDROWA HOPLA TOYS,MultiStore,5903089068860,439.0,439.0,439.0,100%,100%,LOSS,33
1327,Mini kuchnia grill akcesoria do kuchni dla dzieci,MultiStore,5903769970278,50.0,50.0,50.0,100%,100%,LOSS,45
1336,Kuchnia dla dzieci dźwięki LED woda generator pary dodatki,MultiStore,5903769970193,89.0,89.0,89.0,100%,100%,LOSS,0
1337,Kasa sklepowa produkty skaner kalkulator dźwięki,MultiStore,5903769970209,55.0,55.0,55.0,100%,100%,LOSS,102
1360,PCHACZ EDUKACYJNY Z KLOCKAMI DLA DZIECI STRAŻ POŻARNA PREMIUM HOPLA TOYS,MultiStore,5903089069942,115.0,115.0,115.0,100%,100%,LOSS,0
1368,Stolik kawowy loft nowoczesny 2 poziomy ModernHome,MultiStore,5903769970346,89.0,89.0,89.0,100%,100%,LOSS,79
1391,ZEGAR HOPLA TOYS,MultiStore,5903089069768,34.0,34.0,34.0,100%,100%,LOSS,346
1393,ZABAWKA EDUKACYJNA 3W1 MAGNETYCZNA KREDOWA LITERKI POLECANA HOPLA TOYS,MultiStore,5903089069805,18.0,18.0,18.0,100%,100%,LOSS,0
1420,DREWNIANA KUCHNIA DLA DZIECI OSOBNE SEGMENTY XXL TABLICA + LED HOPLA TOYS,MultiStore,5903769971480,410.0,410.0,410.0,100%,100%,LOSS,80
1446,MATA PIANKOWA EVA DLA DZIECI LITERY CYFRY 178X178 CM 36 ELEMENTÓ HOPLA TOYS,MultiStore,5903769971022,69.0,69.0,69.0,100%,100%,LOSS,190
1498,Fotel fiński bujany leżanka leżak do salonu ModernHome,MultiStore,5903769979479,240.0,240.0,240.0,100%,100%,LOSS,60
1499,Fotel fiński bujany finka do salonu biały gięta sklejka ModernHome,MultiStore,5903089068587,240.0,240.0,240.0,100%,100%,LOSS,53
1530,Toaletka kosmetyczna nowoczesna duże lustro półki ModernHome,MultiStore,5903769972562,289.0,289.0,289.0,100%,100%,LOSS,15
1531,Biurko komputerowe stół stolik gamingowe szkolne ModernHome,MultiStore,5903769972807,119.0,119.0,119.0,100%,100%,LOSS,0
1592,Fotel ogrodowy leżak leżanka bujana ogrodowa hamak MultiGarden,MultiStore,5903769971763,430.0,430.0,430.0,100%,100%,LOSS,0
1600,Materac dmuchany do spania łóżko jednoosobowy 191x99 cm INTEX 64107,MultiStore,6941057418384,40.0,40.0,40.0,100%,100%,LOSS,0
1601,Materac dmuchany do spania łóżko dwuosobowy 191x137 cm INTEX 64108,MultiStore,6941057418391,42.0,42.0,42.0,100%,100%,LOSS,0
1602,Materac dmuchany łóżko dwuosobowy 203x152 cm INTEX 64109,MultiStore,6941057418407,53.0,53.0,53.0,100%,100%,LOSS,0
1607,Duży materac dmuchany 203x152 cm dwuosobowy z pompką INTEX 64763,MultiStore,6941057418476,48.0,48.0,48.0,100%,100%,LOSS,0
1608,Duży materac dmuchany dwuosobowy 191x137 cm do spania z pompką INTEX 64762,MultiStore,6941057418469,39.0,39.0,39.0,100%,100%,LOSS,0
1609,Duży materac dmuchany 203x152 cm dwuosobowy INTEX 64759,MultiStore,6941057412467,52.0,52.0,52.0,100%,100%,LOSS,0
1671,Dmuchana poduszka welurowa INTEX 68672,MultiStore,6941057403878,6.0,6.0,6.0,100%,100%,LOSS,86
1692,Złączki do pomp węża redukcja adapter INTEX 29061,MultiStore,6941057420677,12.0,12.0,12.0,100%,100%,LOSS,4
1695,Filtr filtry typ A - do pompy basenu INTEX 29000 - 3 sztuki,MultiStore,6941057404448,33.0,33.0,33.0,100%,100%,LOSS,0
1698,"Wąż rura do pompy 38 mm 7,6 m do odkurzacza basenowego INTEX 29083",MultiStore,6941057404721,42.0,42.0,42.0,100%,100%,LOSS,462
1699,Basen brodzik dmuchany dla dzieci muchomor dach Intex 57114,MultiStore,6941057401058,30.0,30.0,30.0,100%,100%,LOSS,0
1701,Basen ogrodowy dmuchany brodzik dla dzieci okrągły INTEX 58431,MultiStore,6941057454313,43.0,43.0,43.0,100%,100%,LOSS,0
1711,LEŻAK OGRODOWY PLAŻOWY SKŁADANY CZARNY GARDENSTEIN OLDEN 98 X 62 X 14 CM,Kathay,5903769971428,115.0,115.0,115.0,100%,100%,LOSS,66
1714,LEŻAK OGRODOWY SKŁADANY PLAŻOWY BEŻOWY GARDENSTEIN OLDEN 98 X 62 X 14 CM,Kathay,5903769971459,115.0,115.0,115.0,100%,100%,LOSS,0
1715,MEBLE DLA DZIECI ZESTAW STÓŁ + 2 KRZESŁA CERTYFIKOWANA POLECANA HOPLA TOYS,MultiStore,5903089065579,249.0,249.0,249.0,100%,100%,LOSS,196
1763,Skrzynka pocztowa listy gazety stal galwanizowana,MultiStore,5903769973101,65.0,65.0,65.0,100%,100%,LOSS,50
1767,Skrzynka pocztowa listy gazety stal galwanizowana ModernHome,MultiStore,5903769973125,63.0,63.0,63.0,100%,100%,LOSS,103
1768,Skrzynka pocztowa listy gazety stal galwanizowana ModernHome,MultiStore,5903769973118,69.0,69.0,69.0,100%,100%,LOSS,5
1769,Skrzynka pocztowa listy stal galwanizowana ModernHome,MultiStore,5903769972913,33.0,33.0,33.0,100%,100%,LOSS,0
1776,ZABAWKA EDUKACYJNA MAGNETYCZNA LAPTOP LITERY CYFRY PREMIUM HOPLA TOYS,MultiStore,5903769973583,37.0,37.0,37.0,100%,100%,LOSS,87
1786,"Basen ogrodowy stelażowy duży prostokątny 2,6x1,6 m INTEX 28271",MultiStore,6941057400266,239.0,239.0,239.0,100%,100%,LOSS,0
1787,Koło do nauki pływania fotelik oparcie INTEX 56585,MultiStore,6941057402208,17.0,17.0,17.0,100%,100%,LOSS,516
1788,Koło do nauki pływania fotelik oparcie INTEX 56587,MultiStore,6941057455877,19.0,19.0,19.0,100%,100%,LOSS,380
1790,Tort do krojenia zestaw urodziny przyjęcie 125 el,MultiStore,5903769973798,30.0,30.0,30.0,100%,100%,LOSS,85
1804,Skuter wodny zabawka dmuchana do wody INTEX 57520,MultiStore,6941057457543,31.0,31.0,31.0,100%,100%,LOSS,0
1808,Leżak ogrodowy plażowy regulacja oparcia ruchomy daszek MultiGarden - niebieski,MultiStore,5903769971534,125.0,125.0,125.0,100%,100%,LOSS,0
1817,Leżak ogrodowy plażowy regulacja oparcia ruchomy daszek MultiGarden szary,MultiStore,5903089067474,125.0,125.0,125.0,100%,100%,LOSS,0
1854,Biurko komputerowe gamingowe szkolne stół ModernHome,MultiStore,5903769974061,155.0,155.0,155.0,100%,100%,LOSS,0
1876,Basen zjeżdżalnia wodny plac zabaw brodzik 57165 INTEX,MultiStore,6941057417875,141.0,141.0,141.0,100%,100%,LOSS,0
1892,ZABAWKOWY DREWNIANY WARSZTAT Z NARZĘDZIAMI - 47 EL. BEZPIECZNA HOPLA TOYS,MultiStore,5903769974429,225.0,225.0,225.0,100%,100%,LOSS,23
1894,Biurko komputerowe drewniane regał z półkami loft,MultiStore,5903769973941,165.0,165.0,165.0,100%,100%,LOSS,17
190,DOMEK Z WINDĄ DLA LALEK - REZYDENCJA MALIBU ŚWIECĄCE KOŁA HOPLA TOYS,MultiStore,5905817000203,279.0,279.0,279.0,100%,100%,LOSS,18
1923,DOMEK DLA LALEK DUŻY DREWNIANY 138 CM REZYDENCJA MAYA 28 ELEMENT HOPLA TOYS,MultiStore,5903769974887,489.0,489.0,489.0,100%,100%,LOSS,89
1936,STÓŁ STOLIK + 2 KRZESŁA MEBLE DLA DZIECI ZESTAW KOLOROWA HOPLA TOYS,MultiStore,5903769974672,180.0,180.0,180.0,100%,100%,LOSS,20
2002,ZESTAW PIĘKNOŚCI KOSMETYCZKA 6 AKCESORIÓW BEAUTY POLECANA HOPLA TOYS,MultiStore,5903769973880,36.9,36.9,36.9,100%,100%,LOSS,0
2046,STOLIK Z INSTRUMENTAMI STÓŁ MUZYCZNY CYMBAŁKI +18M PREMIUM HOPLA TOYS,MultiStore,6942397336550,28.0,28.0,28.0,100%,100%,LOSS,16
2052,WÓZEK LODZIARNIA DLA DZIECI SKLEP 12 ELEMENTÓW PREMIUM HOPLA TOYS,MultiStore,5903769974917,95.0,95.0,95.0,100%,100%,LOSS,92
2054,ZABAWKA KOSTKA EDUKACYJNA SORTER +KLOCKI POLECANA KOLOROWA HOPLA TOYS,MultiStore,5903769975167,65.0,65.0,65.0,100%,100%,LOSS,21
2086,Szafka na buty stojak regał półka loft 3 poziomy ModernHome,MultiStore,5905817000753,67.0,67.0,67.0,100%,100%,LOSS,0
209,Zewnętrzna siatka do trampoliny 8 FT/6 słupków 244-250 cm,MultiStore,5903089061885,76.0,76.0,76.0,100%,100%,LOSS,0
2099,DREWNIANA KUCHNIA DLA DZIECI + DŹWIĘKI ŚWIATEŁKA CERTYFIKOWANA HOPLA TOYS,MultiStore,5903769975389,189.0,189.0,189.0,100%,100%,LOSS,116
21,NAMIOT DLA DZIECI NAMIOCIK PAŁAC KSIĘŻNICZKI ZAMEK PODWIJANE HOPLA TOYS,MultiStore,6958868887155,50.0,50.0,50.0,100%,100%,LOSS,146
210,Siatka zewnętrzna do trampoliny 12 ft 8 słupków 366 cm,MultiStore,5903089061915,93.0,93.0,93.0,100%,100%,LOSS,0
2121,ROWER TRÓJKOŁOWY BIEGOWY 2W1 RĄCZKA DO PROWADZENIA BEZPIECZNA HOPLA TOYS,MultiStore,5903769975563,115.0,115.0,115.0,100%,100%,LOSS,0
2137,Wieszak stojak podłogowy na ubrania drewniany LOFT,MultiStore,5903332062607,111.0,111.0,111.0,100%,100%,LOSS,125
2140,Półka z wieszakami na ubrania drewniana LOFT,MultiStore,5903332062584,79.0,79.0,79.0,100%,100%,LOSS,37
2146,Szafka na buty regał z siedziskiem LOFT drewniana,MultiStore,5903332062522,252.0,252.0,252.0,100%,100%,LOSS,97
2147,Szafka na buty regał z siedziskiem LOFT drewniana,MultiStore,5903332062270,247.88,247.88,247.88,100%,100%,LOSS,71
2160,Szafka na kółkach mobilna biała do pralki,MultiStore,5903332074792,52.2,52.2,52.2,100%,100%,LOSS,0
2162,ZESTAW MEBLI OGRODOWYCH METALOWYCH 4-OSOBOWYCH GARDENSTEIN JORN 90 X 50 CM,Kathay,5903769975570,319.0,329.0,319.0,97%,100%,LOSS,156
2168,LEŻAK OGRODOWY SKŁADANY ALUMINIOWY CZARNY GARDENSTEIN OLDEN 90 X 62 X 13 CM,Kathay,5903769975754,95.0,95.0,95.0,100%,100%,LOSS,147
2169,LEŻAK OGRODOWY SKŁADANY ALUMINIOWY BEŻOWY GARDENSTEIN OLDEN 90 X 62 X 13 CM,Kathay,5903769975761,95.0,95.0,95.0,100%,100%,LOSS,44
2171,Leżak ogrodowy z zagłówkiem składana konstrukcja szary MultiGarden,MultiStore,5903769975785,95.0,95.0,95.0,100%,100%,LOSS,0
2173,ZABAWKA UKULELE DLA DZIECI DREWNIANA 4 STRUNY NYLONOWE HOPLA TOYS,MultiStore,5903769975808,45.0,45.0,45.0,100%,100%,LOSS,68
22,NAMIOT DLA DZIECI ZAMEK RYCERZA NAMIOCIK DOMEK CASTLE HOPLA TOYS,MultiStore,6958868887360,47.0,47.0,47.0,100%,100%,LOSS,12
2205,Materac dmuchany z zagłówkiem wodny na plażę INTEX 58894,MultiStore,6941057458946,28.0,28.0,28.0,100%,100%,LOSS,0
2207,Basen stelażowy ogrodowy prostokątny 220x150x60 cm 28270 INTEX,MultiStore,6941057400259,229.0,229.0,229.0,100%,100%,LOSS,0
2215,Koło do pływania opona z uchwytami materac wodny INTEX 56268,MultiStore,6941057456263,17.0,17.0,17.0,100%,100%,LOSS,0
2227,Pompa piaskowa filtrująca do basenu 10 500 L/h INTEX 26648,MultiStore,6941057413921,699.0,699.0,699.0,100%,100%,LOSS,0
2229,Dmuchany materac żółw morski do pływania dla dzieci INTEX 57555,MultiStore,6941057402994,49.0,49.0,49.0,100%,100%,LOSS,0
2231,Zestaw do siatkówki wodnej pływająca siatka do basenu INTEX 56508,MultiStore,6941057402215,34.0,34.0,34.0,100%,100%,LOSS,0
2233,Dmuchana wyspa z daszkiem dmuchany materac 199x150 cm INTEX 58292,MultiStore,6941057452920,319.0,319.0,319.0,100%,100%,LOSS,0
2234,Dmuchany materac żółw dla dzieci do pływania INTEX 57524,MultiStore,6941057457529,33.0,33.0,33.0,100%,100%,LOSS,0
2235,Komplet akcesoriów do czyszczenia zestaw do basenu INTEX 29056,MultiStore,6941057404646,35.0,35.0,35.0,100%,100%,LOSS,0
2237,Akcesoria do czyszczenia basenów odkurzacz siatka INTEX 29057,MultiStore,6941057404653,59.0,59.0,59.0,100%,100%,LOSS,0
2238,Dmuchany basen dla dzieci brodzik INTEX 57403,MultiStore,6941057454030,43.0,43.0,43.0,100%,100%,LOSS,0
2263,Materac plażowy z siateczką do pływania chłodzący niebieski INTEX 58836 BLUE,MultiStore,6941057402369,59.0,59.0,59.0,100%,100%,LOSS,0
2265,Materac plażowy z siateczką do pływania chłodzący zielony INTEX 58836 GREEN,MultiStore,5903769976157,59.0,59.0,59.0,100%,100%,LOSS,0
2268,Wiosła do pontonu 2 sztuki 122 cm jednopiórowe INTEX 59623,MultiStore,6941057456232,18.0,18.0,18.0,100%,100%,LOSS,0
2271,Pompa piaskowa filtrująca 7900 l/h INTEX 26646,MultiStore,6941057413907,559.0,559.0,559.0,100%,100%,LOSS,0
2272,Filtr filtry typ A - do pompy basenu INTEX 29000 - 2 sztuki,MultiStore,6941057404431,15.0,15.0,15.0,100%,100%,LOSS,0
2294,Bramka piłkarska z siatką do piłki nożnej 180x122 cm MOVEPRO,MultiStore,5903769975891,53.0,53.0,53.0,100%,100%,LOSS,0
2295,Bramka piłkarska treningowa + mata celnościowa 180x122 cm MOVEPRO,MultiStore,5903769975907,105.0,105.0,105.0,100%,100%,LOSS,0
2297,Bramka piłkarska treningowa + mata celnościowa 180x122 cm MOVEPRO,MultiStore,5903769975914,119.0,119.0,119.0,100%,100%,LOSS,22
2326,FOTEL FOTELIK DO KARMIENIA 2W1 TACKA PASY WYSOKIEJ JAKOŚCI HOPLA TOYS,MultiStore,5903769972906,85.0,85.0,85.0,100%,100%,LOSS,0
2358,Regał drewniany nowoczesny szafka nocna 2 półki LOFT ModernHome,MultiStore,5903769976683,45.0,45.0,45.0,100%,100%,LOSS,0
2359,Regał drewniany nowoczesny metalowa rama LOFT 3 półki ModernHome,MultiStore,5903769976690,59.0,59.0,59.0,100%,100%,LOSS,0
2360,Regał drewniany nowoczesny metalowa rama LOFT 4 półki ModernHome,MultiStore,5903769976706,79.0,79.0,79.0,100%,100%,LOSS,0
2361,Regał drewniany nowoczesny metalowa rama LOFT 5 półek ModernHome,MultiStore,5903769976713,109.0,109.0,109.0,100%,100%,LOSS,0
2362,Regał drewniany szeroki nowoczesny LOFT 5 półek ModernHome,MultiStore,5903769976744,111.0,111.0,111.0,100%,100%,LOSS,0
2366,Szafka na buty stojak regał półka drewniana LOFT ModernHome,MultiStore,5903769976638,93.0,93.0,93.0,100%,100%,LOSS,0
2368,Regał drewniany metalowa rama szeroki LOFT 3 półki czarny ModernHome,MultiStore,5903769977628,73.0,73.0,73.0,100%,100%,LOSS,49
2385,Materac dmuchany łóżko 203x152 cm z pompką dwuosobowy INTEX 67770ND,MultiStore,6941057423043,131.0,131.0,131.0,100%,100%,LOSS,4
2399,Hantle regulowane 2x10 kg sztanga zestaw 20 kg gryf MOVEPRO,MultiStore,5903769976874,103.0,103.0,103.0,100%,100%,LOSS,44
2400,Hantle regulowane 2x15 kg sztanga zestaw 30 kg gryf MOVEPRO,MultiStore,5903769976881,115.0,115.0,115.0,100%,100%,LOSS,52
2401,Hantle regulowane 2x20 kg sztanga zestaw 40 kg gryf MOVEPRO,MultiStore,5903769976898,145.0,145.0,145.0,100%,100%,LOSS,0
2403,Materac dmuchany z bandami głębokie łóżko dla dziecka + pompka INTEX 66810,MultiStore,6941057468105,105.0,105.0,105.0,100%,100%,LOSS,0
2406,DUŻY DREWNIANY TOR GARAŻ PARKING Z WINDĄ + AUTKA PREMIUM HOPLA TOYS,MultiStore,5903769977208,80.0,80.0,80.0,100%,100%,LOSS,162
2422,Legowisko pluszowe uniwersalne dla Psa Kota 80cm - jasnoszare,MultiStore,5903332075249,69.48,69.48,69.48,100%,100%,LOSS,8
2424,Legowisko pluszowe uniwersalne dla Psa Kota 40cm - jasnoszare,MultiStore,5903332075225,28.0,28.0,28.0,100%,100%,LOSS,216
2464,Stolik kuchenny nowoczesny drewniany kwadratowy 80x80 cm ModernHome,MultiStore,5903769977109,145.0,145.0,145.0,100%,100%,LOSS,0
2530,NAMIOT DLA DZIECI NAMIOCIK TUNEL STONOGA HOPLA TOYS,MultiStore,6958868886011,46.0,46.0,46.0,100%,100%,LOSS,0
2538,STÓŁ OGRODOWY DREWNIANY Z METALOWYMI NOGAMI GARDENSTEIN EINAR 140 X 80 CM,Kathay,5903769976966,199.0,209.0,199.0,95%,100%,LOSS,617
2541,ZESTAW STÓŁ I 2 ŁAWKI DREWNIANY SKŁADANY GARDENSTEIN GRENE 180 X 74 CM,Kathay,5903769977666,310.0,310.0,310.0,100%,100%,LOSS,260
2542,ZESTAW MEBLI OGRODOWYCH SKŁADANY STÓŁ 2 ŁAWKI GARDENSTEIN GRENE 180 CM,Kathay,5903769977642,310.0,310.0,310.0,100%,100%,LOSS,358
2554,Podstawka pod laptopa stolik do łóżka 60x40 cm czarna ModernHome,MultiStore,5903769977444,28.0,28.0,28.0,100%,100%,LOSS,0
2555,Podstawka pod laptopa stolik do łóżka 60x40 cm ModernHome,MultiStore,5903769977437,28.0,28.0,28.0,100%,100%,LOSS,0
2567,Biurko narożne gamingowe biurowe LOFT szkolny stół czarny,MultiStore,5903769977376,210.0,210.0,210.0,100%,100%,LOSS,7
2573,ROWEREK TRÓJKOŁOWY Z OBRACANYM SIEDZENIEM DASZEK CZERWONY HOPLA TOYS,MultiStore,5903089064633,180.0,180.0,180.0,100%,100%,LOSS,0
2585,ROWER TRÓJKOŁOWY OBRACANY DASZEK WYTRZYMAŁE GUMOWE KOŁA SZARY HOPLA TOYS,MultiStore,5903769974122,199.0,199.0,199.0,100%,100%,LOSS,0
2586,ROWER TRÓJKOŁOWY OBRACANY DASZEK WYTRZYMAŁE GUMOWE KOŁA NIEBIESK HOPLA TOYS,MultiStore,5903089063315,199.0,199.0,199.0,100%,100%,LOSS,0
2589,Odkurzacz czyściciel automatyczny do dna basenów ZX50 INTEX 28007,MultiStore,6941057421902,185.0,185.0,185.0,100%,100%,LOSS,11
2590,Pokrywa solarna grzewcza mata do basenu 244 cm INTEX 28010,MultiStore,6941057422190,29.0,29.0,29.0,100%,100%,LOSS,0
2591,Pokrywa solarna grzewcza mata do basenu 305 cm INTEX 28011,MultiStore,6941057422206,42.0,42.0,42.0,100%,100%,LOSS,0
2594,Pokrywa solarna grzewcza mata do basenu 366 cm INTEX 28012,MultiStore,6941057422213,46.0,46.0,46.0,100%,100%,LOSS,0
2596,Pokrywa na basen 457 cm mata plandeka INTEX 28023,MultiStore,6941057403953,43.0,43.0,43.0,100%,100%,LOSS,0
2597,Pokrywa na basen 396 cm mata plandeka INTEX 28026,MultiStore,6941057403960,36.0,36.0,36.0,100%,100%,LOSS,0
2598,Pokrywa plandeka mata do basenu stelażowego 260x160 cm INTEX 28036,MultiStore,6941057423081,31.0,31.0,31.0,100%,100%,LOSS,0
2599,Fontanna do basenu kolorowy spryskiwacz led INTEX 28089,MultiStore,6941057404103,89.0,89.0,89.0,100%,100%,LOSS,0
2600,Kij teleskopowy do czyszczenia 239 cm do siatki INTEX 29054,MultiStore,6941057404622,29.0,29.0,29.0,100%,100%,LOSS,42
2601,Kij teleskopowy do czyszczenia 279 cm do siatki INTEX 29055,MultiStore,6941057404639,29.0,29.0,29.0,100%,100%,LOSS,4
2602,"Wąż rura do pompy 38 mm 1,5 m do odkurzacza basenowego INTEX 29060",MultiStore,6941057404684,15.0,15.0,15.0,100%,100%,LOSS,0
2604,Pompka ręczna tłokowa dwukierunkowa Double Quick III INTEX 68615,MultiStore,6941057466156,22.0,22.0,22.0,100%,100%,LOSS,0
2606,Filtry S1 komplet 6 sztuk zestaw Pure SPA INTEX 29011,MultiStore,6941057417905,55.0,55.0,55.0,100%,100%,LOSS,707
2607,Wąż do pompy długość 150 cm średnica 32 mm INTEX 29059,MultiStore,6941057404677,9.0,9.0,9.0,100%,100%,LOSS,0
2613,Wiosła 2 sztuki do pontonu aluminiowe do kajaku jednopiórowe 137 cm INTEX 69625,MultiStore,6941057417844,44.0,44.0,44.0,100%,100%,LOSS,9
2614,Wiosło do pontonu aluminiowe do kajaku dwupiórowe 218 cm INTEX 69629,MultiStore,6941057417837,35.0,35.0,35.0,100%,100%,LOSS,0
2618,Basen brodzik dla dzieci pompowany jasny róż INTEX 57100,MultiStore,5903769978663,22.0,22.0,22.0,100%,100%,LOSS,302
2619,Basen brodzik dla dzieci pompowany niebieski INTEX 57100,MultiStore,5903769978670,24.0,24.0,24.0,100%,100%,LOSS,26
2629,Deska do pływania dmuchana z uchwytami dla dzieci INTEX 58165 ORANGE,MultiStore,6941057451657,17.0,17.0,17.0,100%,100%,LOSS,0
2630,Deska do pływania dmuchana z uchwytami dla dzieci czerwona INTEX 58165 RED,MultiStore,5903769978700,17.0,17.0,17.0,100%,100%,LOSS,0
2631,Oczyszczacz do stóp miska do basenu na drabinkę INTEX 29080,MultiStore,6941057404691,18.0,18.0,18.0,100%,100%,LOSS,0
2632,Stolik turystyczny mały stół piknikowy składany 60x40 cm czarny MultiGarden,MultiStore,5903769977475,19.0,19.0,19.0,100%,100%,LOSS,0
2639,Poduszka materac na leżak ogrodowy duży miękki 160 cm MultiGarden,MultiStore,5903769977543,59.0,59.0,59.0,100%,100%,LOSS,0
2640,STÓŁ OGRODOWY SKŁADANY CATERINGOWY BRĄZOWY GARDENSTEIN GRENE 180 X 74 CM,Kathay,5903769978403,125.0,125.0,125.0,100%,100%,LOSS,295
2641,STÓŁ OGRODOWY SKŁADANY CATERINGOWY 180 X 70 CM GARDENSTEIN GRENE,Kathay,5903089061564,125.0,125.0,125.0,100%,100%,LOSS,120
2652,"Parasol ogrodowy pół-parasol ścienny na taras 2,7 m zielony MultiGarden",MultiStore,5903769977956,111.0,111.0,111.0,100%,100%,LOSS,0
2653,"Parasol ogrodowy pół-parasol ścienny na taras 2,7 m szary MultiGarden",MultiStore,5903769977963,103.0,103.0,103.0,100%,100%,LOSS,0
2654,"Parasol ogrodowy pół-parasol ścienny na taras 2,7 m beżowy MultiGarden",MultiStore,5903769977970,103.0,103.0,103.0,100%,100%,LOSS,0
2660,Parasol ogrodowy duży 3 m skośny łamany z korbą zielony MultiGarden,MultiStore,5903769977987,111.0,111.0,111.0,100%,100%,LOSS,0
2661,Parasol ogrodowy duży 3 m skośny łamany z korbą szary MultiGarden,MultiStore,5903769977994,119.0,119.0,119.0,100%,100%,LOSS,0
2662,Parasol ogrodowy duży 3 m skośny łamany z korbą beż MultiGarden,MultiStore,5903769978007,119.0,119.0,119.0,100%,100%,LOSS,0
2663,Leżak ogrodowy plażowy regulacja oparcia ruchomy daszek MultiGarden - beżowy,MultiStore,5903769971541,125.0,125.0,125.0,100%,100%,LOSS,0
2667,Podstawa obciążenie parasola napełniane wodą 22 litry MultiGarden,MultiStore,5903769978144,57.0,57.0,57.0,100%,100%,LOSS,0
2668,Podstawa obciążenie parasola napełniane wodą 13 litrów MultiGarden,MultiStore,5903769978168,36.0,36.0,36.0,100%,100%,LOSS,0
2669,Podstawa obciążenie parasola na ogród i taras 12 kg MultiGarden,MultiStore,5903769978175,53.0,53.0,53.0,100%,100%,LOSS,0
2670,PODSTAWA PARASOLA OGRODOWEGO WODOODPORNA CZARNA 60 KG GARDENSTEIN GRON,MultiStore,5903769978151,134.0,134.0,134.0,100%,100%,LOSS,0
2674,Dmuchany materac do pływania 191x99 cm INTEX 56874,MultiStore,6941057422596,63.0,63.0,63.0,100%,100%,LOSS,0
2680,Kamizelka do nauki pływania dla dzieci INTEX 58660,MultiStore,6941057456607,10.0,10.0,10.0,100%,100%,LOSS,0
2684,Pompka elektryczna 220-240V Quick Fill 1100 litrów/min INTEX 66644,MultiStore,6941057413716,64.0,64.0,64.0,100%,100%,LOSS,0
2685,Pokrywa do basenu stelażowego 400x200 cm INTEX 28037,MultiStore,6941057404004,39.0,39.0,39.0,100%,100%,LOSS,0
2686,Pokrywa do basenu stelażowego 460x226 cm INTEX 28039,MultiStore,6941057404028,47.0,47.0,47.0,100%,100%,LOSS,0
2737,MATA EDUKACYJNA PIANKOWA DLA DZIECI PUZZLE MIASTO ULICE DROGI HOPLA TOYS,MultiStore,6958868801212,33.0,33.0,33.0,100%,100%,LOSS,0
2777,Transporter podróżny torba dla zwierząt kota psa czarny,MultiStore,5903769978359,19.0,19.0,19.0,100%,100%,LOSS,0
2780,Transporter samochodowy dla zwierząt kota psa Petsi,MultiStore,5903769978380,24.0,24.0,24.0,100%,100%,LOSS,0
2783,TOALETKA DZIECIĘCA DUŻA Z LUSTREM DLA DZIEWCZYNKI KOLOROWA HOPLA TOYS,MultiStore,5903769978328,179.0,179.0,179.0,100%,100%,LOSS,191
2784,TOALETKA DZIECIĘCA DUŻA Z LUSTREM DLA DZIEWCZYNKI POLECANA HOPLA TOYS,MultiStore,5903769978335,179.0,179.0,179.0,100%,100%,LOSS,170
2799,Wentylator biurowy wiatrak COLUMBIA VAC WGC40,MultiStore,5908277383381,102.0,102.0,102.0,100%,100%,LOSS,0
2809,Robot planetarny WRK1250 chef,MultiStore,5908277386191,285.0,285.0,285.0,100%,100%,LOSS,0
2820,Regał drewniany nowoczesny metalowa rama LOFT 5 półek czarny ModernHome,MultiStore,5903769977604,105.0,105.0,105.0,100%,100%,LOSS,0
2823,Regał drewniany nowoczesny metalowa rama LOFT 4 półki czarny ModernHome,MultiStore,5903769977611,79.0,79.0,79.0,100%,100%,LOSS,21
2824,Regał drewniany nowoczesny metalowa rama LOFT 3 półki czarny ModernHome,MultiStore,5903769977635,59.0,59.0,59.0,100%,100%,LOSS,0
2826,Regał drewniany szeroki nowoczesny LOFT 5 półek czarny ModernHome,MultiStore,5903769977581,111.0,111.0,111.0,100%,100%,LOSS,53
2827,Regał drewniany metalowa rama szeroki LOFT 3 półki ModernHome,MultiStore,5903769976720,73.0,73.0,73.0,100%,100%,LOSS,0
2828,ROWER TRÓJKOŁOWY BIEGOWY 2W1 RĄCZKA DO PROWADZENIA EDUKACYJNA HOPLA TOYS,MultiStore,5903769978830,99.0,99.0,99.0,100%,100%,LOSS,0
2832,Szafka regał dla dzieci modułowa 9 półek dziecięca,MultiStore,5903769978533,99.0,99.0,99.0,100%,100%,LOSS,0
2833,Szafka regał dla dzieci modułowa 9 półek dziecięca,MultiStore,5903769978526,99.0,99.0,99.0,100%,100%,LOSS,0
2834,Szafka regał dla dzieci modułowa 9 półek dziecięca,MultiStore,5903769978540,99.0,99.0,99.0,100%,100%,LOSS,0
2835,Szafka regał dla dzieci modułowa 9 półek dziecięca,MultiStore,5903769978557,99.0,99.0,99.0,100%,100%,LOSS,22
2839,Regał z 5 wysuwanymi szufladami nogi z kółkami ModernHome,MultiStore,5903769978489,99.0,99.0,99.0,100%,100%,LOSS,0
2840,Regał z 5 wysuwanymi szufladami nogi z kółkami ModernHome,MultiStore,5903769978496,99.0,99.0,99.0,100%,100%,LOSS,51
2841,Regał z 4 wysuwanymi szufladami nogi z kółkami ModernHome,MultiStore,5903769978519,79.0,79.0,79.0,100%,100%,LOSS,59
2842,Regał z 4 wysuwanymi szufladami nogi z kółkami ModernHome,MultiStore,5903769978502,75.0,75.0,75.0,100%,100%,LOSS,146
2866,NAKŁADKA NA TOALETĘ ZE SCHODKAMI DRABINKĄ DLA DZIECI BEZPIECZNA HOPLA TOYS,MultiStore,5903769978991,53.0,53.0,53.0,100%,100%,LOSS,363
2883,Filtr do oczyszczacza powietrza WEBBER AP8650,MultiStore,5907265016997,127.0,127.0,127.0,100%,100%,LOSS,40
2885,Filtr do oczyszczacza powietrza WEBBER AP9405/AP9405B,MultiStore,5907265011497,140.76,140.76,140.76,100%,100%,LOSS,797
2886,Filtr WODNY do oczyszczacza WEBBER AP9700,MultiStore,5907265012098,93.0,93.0,93.0,100%,100%,LOSS,173
2888,Filtr wodny do oczyszczacza WEBBER AP9900,MultiStore,5907265012821,80.0,80.0,80.0,100%,100%,LOSS,95
2908,Stacja pomiarowa METEO SP75,MultiStore,5907265012012,201.82,201.82,201.82,100%,100%,LOSS,10
2913,Stół nowoczesny do jadalni salonu kuchni 120x60 cm ModernHome,MultiStore,5903769979011,199.0,199.0,199.0,100%,100%,LOSS,9
2938,Legowisko pluszowe uniwersalne dla Psa Kota 60cm - ciemnoszare,MultiStore,5903332075263,52.0,52.0,52.0,100%,100%,LOSS,252
2940,Zestaw filtrów do oczyszczacza powietrza Webber AP9800,MultiStore,5907265012470,298.22,298.22,298.22,100%,100%,LOSS,142
2950,Depilator laserowy WEBBER IPL S5,MultiStore,5907265020512,305.0,305.0,305.0,100%,100%,LOSS,129
2951,Depilator laserowy WEBBER IPL S7,MultiStore,5907265020505,405.0,405.0,405.0,100%,100%,LOSS,70
2952,Filtr do nawilżacza powietrza Webber H1002,MultiStore,5907265018878,76.0,76.0,76.0,100%,100%,LOSS,99
2953,Automatyczna myjka do okien robot WEBBER WM 169,MultiStore,5907265012722,585.0,585.0,585.0,100%,100%,LOSS,9
2954,Automatyczna myjka do okien robot WEBBER WM 170,MultiStore,5907265018885,600.0,600.0,600.0,100%,100%,LOSS,504
2956,Robot sprzątający WEBBER TANGO STAR,MultiStore,5907265019431,501.0,501.0,501.0,100%,100%,LOSS,26
2959,Oczyszczacz powietrza WEBBER AP9700 WI-FI,MultiStore,5907265020543,1199.0,1199.0,1199.0,100%,100%,LOSS,49
2960,Regał z 5 wysuwanymi szufladami nogi z kółkami ModernHome,MultiStore,5903769978465,85.0,85.0,85.0,100%,100%,LOSS,19
2961,Regał z 5 wysuwanymi szufladami nogi z kółkami ModernHome,MultiStore,5903769978472,87.0,87.0,87.0,100%,100%,LOSS,0
2963,Oczyszczacz powietrza WEBBER AP9700 WI-FI srebrny,MultiStore,5907265012845,1199.0,1199.0,1199.0,100%,100%,LOSS,99
2968,Alkomat AX7 elektrochemiczny z PLATYNĄ 5000 pomiarów bez kalibracji,MultiStore,5907265020772,249.0,249.0,249.0,100%,100%,LOSS,25
2972,Suszarka do żywności do grzybów i owoców ELDOM SG500,MultiStore,5908277386337,173.0,173.0,173.0,100%,100%,LOSS,8
2978,Stołek składany 1 stopniowy taboret z tworzywa 22 cm,MultiStore,5903769979134,18.0,18.0,18.0,100%,100%,LOSS,0
2985,Organizer na kosmetyki skrzynka z szufladami - białe,MultiStore,5903769979158,17.0,17.0,17.0,100%,100%,LOSS,0
2986,Szafka modułowa na buty organizer 10 modułów ModernHome,MultiStore,5903769979219,40.0,40.0,40.0,100%,100%,LOSS,0
2987,Organizer na buty zawieszany na drzwiach drabinka na buty ModernHome,MultiStore,5903769979196,48.0,48.0,48.0,100%,100%,LOSS,209
2988,Szafa tekstylna materiałowa garderoba z półkami na ubrania i buty ModernHome,MultiStore,5903769979240,45.0,45.0,45.0,100%,100%,LOSS,0
2989,Szafa tekstylna duża materiałowa garderoba z półkami na ubrania i buty ModernHom,MultiStore,5903769979226,63.0,63.0,63.0,100%,100%,LOSS,0
2990,Szafa tekstylna duża materiałowa garderoba z półkami na ubrania i buty ModernHom,MultiStore,5903769979233,72.0,72.0,72.0,100%,100%,LOSS,41
2992,Oczyszczacz powietrza Webber AP9650,MultiStore,5907265021328,1052.0,1052.0,1052.0,100%,100%,LOSS,231
2993,Osuszacz powietrza Webber DEQ10,MultiStore,5907265021359,495.02,495.02,495.02,100%,100%,LOSS,54
2995,Osuszacz powietrza Webber DEX1,MultiStore,5907265021366,498.0,498.0,498.0,100%,100%,LOSS,211
3,Materac fotel dmuchany wodny plażowy 2w1 180x135 cm INTEX 58868,MultiStore,6941057402352,77.0,77.0,77.0,100%,100%,LOSS,0
3004,"Czajnik elektryczny bezprzewodowy C260 NELO czarny ELDOM 1,7 L",MultiStore,5908277385392,90.46,90.46,90.46,100%,100%,LOSS,0
3009,"Czajnik ELDOM C520 z regulacją temperatury 1,8 L",MultiStore,5908277386078,92.0,92.0,92.0,100%,100%,LOSS,0
3013,Gofrownica WA100S DELI ELDOM 1000W,MultiStore,5908277385002,92.0,92.0,92.0,100%,100%,LOSS,111
3016,Grill kontaktowy GK150 FLAAT ELDOM panini 2000W,MultiStore,5908277384579,133.0,133.0,133.0,100%,100%,LOSS,0
3018,Grzejnik konwektorowy Eldom HM1300 2000W czarny,MultiStore,5908277382377,307.0,307.0,307.0,100%,100%,LOSS,29
3035,Odkurzacz ELDOM OS900 Pegaz 700W,MultiStore,5908277385255,193.0,193.0,193.0,100%,100%,LOSS,80
3038,"Piekarnik elektryczny, grill, rożno ELDOM PR300 1500 W",MultiStore,5908277386153,214.0,214.0,214.0,100%,100%,LOSS,0
3043,Rozdrabniacz blender ELDOM BL210 SWIT,MultiStore,5908277384777,83.0,83.0,83.0,100%,100%,LOSS,46
3059,Toster TO245 DOTTY Eldom czarny seria BUBBLES,MultiStore,5908277384708,125.0,125.0,125.0,100%,100%,LOSS,60
3069,Inteligentna waga łazienkowa bluetooth Eldom TWO500 biała,MultiStore,5908277386016,70.0,70.0,70.0,100%,100%,LOSS,224
3077,Piłkarzyki stołowe mini dla dzieci dwie piłki,MultiStore,5903769979660,45.0,45.0,45.0,100%,100%,LOSS,111
3084,Rockowa gitara dla dzieci z nauką gry na gitarze podczerwień melodie,MultiStore,5903769979448,16.0,16.0,16.0,100%,100%,LOSS,158
3087,Zlew zlewozmywak z kranem napełniany wodą 12 akcesoriów zabawka dla dzieci,MultiStore,5903769979547,39.0,39.0,39.0,100%,100%,LOSS,0
3089,Projektor tablica do rysowania dinozaur 12 flamastrów 24 wzory,MultiStore,5903769979509,25.0,25.0,25.0,100%,100%,LOSS,0
3090,Projektor tablica do rysowania dinozaur 12 flamastrów 24 wzory,MultiStore,5903769979516,25.0,25.0,25.0,100%,100%,LOSS,73
3093,Drewniane warzywa i owoce do krojenia 13 elementów + wiaderko,MultiStore,5903769979783,41.0,41.0,41.0,100%,100%,LOSS,0
3097,Zestaw kosmetyków dla dzieci kuferek z lusterkiem lampą UV LED,MultiStore,5903769979622,41.0,41.0,41.0,100%,100%,LOSS,55
3100,Zestaw kuferek kosmetyków do makijażu i paznokci dla dzieci,MultiStore,5903769979578,45.0,45.0,45.0,100%,100%,LOSS,93
3102,Duży sklep z kasą supermarket stragan dla dzieci z kasą fiskalną wagą i skanerem,MultiStore,5903769979929,105.0,105.0,105.0,100%,100%,LOSS,0
3108,ZESTAW DO LODÓW DLA DZIECI EDUKACYJNA BEZPIECZNA HOPLA TOYS,MultiStore,5903769979714,10.0,10.0,10.0,100%,100%,LOSS,112
3126,MATA PIANKOWA EDUKACYJNA DWUSTRONNA SKŁADANA DUŻA TORBA HOPLA TOYS,MultiStore,5903769979882,67.0,67.0,67.0,100%,100%,LOSS,140
3157,DOMEK DLA LALEK Z KOMPLETEM MEBELKÓW POLECANA KOLOROWA HOPLA TOYS,MultiStore,5905817000197,195.0,195.0,195.0,100%,100%,LOSS,60
3159,DREWNIANA KUCHNIA DLA DZIECI PIEKARNIK PALNIKI MIKROFALA AKCESOR HOPLA TOYS,MultiStore,5905817000012,190.0,190.0,190.0,100%,100%,LOSS,86
3162,DREWNIANA KUCHNIA DLA DZIECI PIEKARNIK PALNIKI MIKROFALA AKCESOR HOPLA TOYS,MultiStore,5905817000029,180.0,180.0,180.0,100%,100%,LOSS,0
3181,ZESTAW DREWNIANYCH LODÓW NA RZEPY DLA DZIECI 9 ELEMENTÓW HOPLA TOYS,MultiStore,5903769979738,14.0,14.0,14.0,100%,100%,LOSS,0
3182,ZESTAW DREWNIANY TORT NA RZEPY ŚWIECZKI TRUSKAWKA DLA DZIECI 15 HOPLA TOYS,MultiStore,5903769979721,27.0,27.0,27.0,100%,100%,LOSS,242
3185,ZESTAW DO HERBATY DZBANEK FILIŻANKI 17 ELEMENTÓW CERTYFIKOWANA HOPLA TOYS,MultiStore,5905817000494,47.0,47.0,47.0,100%,100%,LOSS,137
3192,Automatyczny otwieracz do wina OW6 WACO korkociag zestaw prezentowy,MultiStore,5907265012715,121.0,121.0,121.0,100%,100%,LOSS,755
3204,ZABAWKA TABLET EDUKACYJNY TABLICA MAGNETYCZNA KREDOWA HOPLA TOYS,MultiStore,5905817000142,11.0,11.0,11.0,100%,100%,LOSS,260
3220,ZEGAR HOPLA TOYS,MultiStore,5905817000630,9.0,9.0,9.0,100%,100%,LOSS,0
3221,ZEGAR HOPLA TOYS,MultiStore,5905817000647,10.0,10.0,10.0,100%,100%,LOSS,0
3226,Regał z 5 wysuwanymi szufladami nogi z kółkami kolorowe szuflady ModernHome,MultiStore,5905817000937,111.0,111.0,111.0,100%,100%,LOSS,59
3227,Wysoki regał WC łazienkowy nad sedes 3 półki aluminiowa konstrukcja,MultiStore,5905817000890,47.0,47.0,47.0,100%,100%,LOSS,39
3228,Plastikowy regał łazienkowy z 4 półkami kółka biały ModernHome,MultiStore,5905817000944,43.0,43.0,43.0,100%,100%,LOSS,0
3232,Komplet 4 krzeseł welurowych krzesło do jadalni i salonu szare ModernHome,MultiStore,5905817000715,280.0,280.0,280.0,100%,100%,LOSS,0
3234,Komplet 4 krzeseł krzesło pikowane welurowe do jadalni i salonu czarne ModernHom,MultiStore,5905817000678,360.0,360.0,360.0,100%,100%,LOSS,6
3235,Komplet 4 krzeseł krzesło do jadalni i salonu szare ModernHome,MultiStore,5905817000722,270.0,270.0,270.0,100%,100%,LOSS,9
3236,Komplet 4 krzeseł welurowych do jadalni i salonu szare ModernHome,MultiStore,5905817000685,330.0,330.0,330.0,100%,100%,LOSS,0
3238,Komplet 4 krzeseł krzesło pikowane welurowe do jadalni i salonu szare ModernHome,MultiStore,5905817000661,299.0,299.0,299.0,100%,100%,LOSS,0
3249,FOTEL FOTELIK DO KARMIENIA REGULACJA WYSOKOŚCI EKOSKÓRA PASY POD HOPLA TOYS,MultiStore,5905817001781,169.0,169.0,169.0,100%,100%,LOSS,98
3250,FOTEL FOTELIK DO KARMIENIA REGULACJA WYSOKOŚCI EKOSKÓRA PASY POD HOPLA TOYS,MultiStore,5905817001774,169.0,169.0,169.0,100%,100%,LOSS,119
3252,Regał loftowy wysoki 5 półek metal MDF ModernHome,MultiStore,5905817000746,179.0,179.0,179.0,100%,100%,LOSS,13
3254,Zestaw komplet mebli stolik 2 krzesła metal MDF ModernHome,MultiStore,5905817000838,149.0,149.0,149.0,100%,100%,LOSS,0
3260,Regał na buty metalowy 4 półki 12 par butów czarny ModernHome,MultiStore,5905817000760,24.0,24.0,24.0,100%,100%,LOSS,81
3261,Regał na buty metalowy 5 półek 15 par butów czarny ModernHome,MultiStore,5905817000777,28.0,28.0,28.0,100%,100%,LOSS,86
3263,Materac dmuchany 191x137 cm dwuosobowy z pompką łóżko welur INTEX 64148ND,MultiStore,6941057422909,96.0,96.0,96.0,100%,100%,LOSS,4
3270,Rowerek stacjonarny treningowy domowy z komputerem ModernHome,MultiStore,5905817001194,209.0,209.0,209.0,100%,100%,LOSS,0
3273,Mata dwuwarstwowa wycieraczka pod kuwetę dla kota szara Petsi,MultiStore,5905817001569,9.0,9.0,9.0,100%,100%,LOSS,0
3277,Smycz 3m dla psa lub kota automatyczna z blokadą,MultiStore,5905817001583,6.0,6.0,6.0,100%,100%,LOSS,0
3286,Zestaw groomerski do strzyżenia psów kotów nożyczki grzebień etui Petsi,MultiStore,5905817001576,30.0,30.0,30.0,100%,100%,LOSS,0
3292,Pokrowiec mata do samochodu dla psa tylna kanapa uniwersalny rozmiar Petsi,MultiStore,5905817001521,58.0,58.0,58.0,100%,100%,LOSS,0
3297,Pokrowiec mata do samochodu dla psa tylna kanapa uniwersalny rozmiar Petsi,MultiStore,5905817001514,55.0,55.0,55.0,100%,100%,LOSS,6
3298,Duże stojące lustro prostokątne wąska rama 148 cm ModernHome,MultiStore,5905817000784,120.0,120.0,120.0,100%,100%,LOSS,0
33,NAMIOT DLA DZIECI STONOGA TUNELEM SAMOROZKŁADALNY ZESTAW 2W1 HOPLA TOYS,MultiStore,6958868886035,75.0,75.0,75.0,100%,100%,LOSS,58
3302,Suszarka na pranie pionowa z kółkami składana ModernHome,MultiStore,5905817001132,71.0,71.0,71.0,100%,100%,LOSS,0
3309,Leżanka huśtawka ogrodowa hamak fotel wiszący kosz szara MultiGarden,MultiStore,5905817001118,529.0,529.0,529.0,100%,100%,LOSS,0
3310,Nowoczesny regał do salonu kratka 5 półek na książki biały ModernHome,MultiStore,5905817001644,159.0,159.0,159.0,100%,100%,LOSS,5
3315,Biurko prostokątne biurowe komputerowe z regałem 4 półki ModernHome,MultiStore,5905817001651,165.0,165.0,165.0,100%,100%,LOSS,35
3316,Duża nowoczesna toaletka kosmetyczna lustro oświetlenie ModernHome,MultiStore,5905817001668,320.0,320.0,320.0,100%,100%,LOSS,200
3317,Szafka na buty z otwieranym siedziskiem 2 półki biała ModernHome,MultiStore,5905817001637,130.0,130.0,130.0,100%,100%,LOSS,183
3338,Zestaw stolików kawowych 2 szt. okrągłe loftowy design ModernHome,MultiStore,5905817001323,155.0,155.0,155.0,100%,100%,LOSS,34
3346,Nowoczesny metalowy kwietnik stojak na kwiaty 6 poziomów czarny ModernHome,MultiStore,5905817002412,80.0,80.0,80.0,100%,100%,LOSS,64
3348,Stojak rowerowy 3w1 uchwyt na rower serwisowy czarny ModernHome,MultiStore,5905817001972,59.0,59.0,59.0,100%,100%,LOSS,0
3351,Obrus uniwersalny pokrowiec na stół cateringowy 180 cm 6FT biały elastyczny Mult,MultiStore,5905817002061,29.0,29.0,29.0,100%,100%,LOSS,0
3360,Krzesło tapicerowane 4 sztuki - ciemny szary aksamit,MultiStore,,502.0,502.0,502.0,100%,100%,LOSS,183
3361,Parasolnik stojak na parasole nowoczesny czarny,MultiStore,5903332063406,99.0,99.0,99.0,100%,100%,LOSS,71
3362,Parasolnik stojak na parasole nowoczesny biały,MultiStore,5903332063420,94.0,94.0,94.0,100%,100%,LOSS,173
3363,Parasolnik stojak na parasole nowoczesny biały,MultiStore,5903332063390,101.0,101.0,101.0,100%,100%,LOSS,0
3368,Prostokątny duży parasol ogrodowy skośny łamany z korbą beżowy 200x140 cm MultiG,MultiStore,5905817001750,95.0,95.0,95.0,100%,100%,LOSS,0
3369,Prostokątny duży parasol ogrodowy skośny łamany z korbą szary 200x140 cm MultiGa,MultiStore,5905817001743,95.0,95.0,95.0,100%,100%,LOSS,0
3370,Prostokątny duży parasol ogrodowy skośny łamany z korbą zielony 200x140 cm Multi,MultiStore,5905817001422,95.0,95.0,95.0,100%,100%,LOSS,0
3372,Duży parasol ogrodowy skośny łamany z korbą 6 żeber beżowy 270 cm MultiGarden,MultiStore,5905817001897,111.0,111.0,111.0,100%,100%,LOSS,0
3374,Parasol ogrodowy duży na wysięgniku składany 3 m szary 6 żeber MultiGarden,MultiStore,5905817001446,180.0,180.0,180.0,100%,100%,LOSS,0
3380,KOMPLET 2 KRZESEŁ OGRODOWYCH SKŁADANYCH Z OPARCIEM CZARNE GARDENSTEIN,Kathay,5905817001033,219.0,219.0,219.0,100%,100%,LOSS,168
3381,KOMPLET 2 KRZESEŁ OGRODOWYCH SKŁADANYCH SZARYCH GARDENSTEIN NARDEN 88 X 57,Kathay,5905817001040,219.0,219.0,219.0,100%,100%,LOSS,120
3382,Leżak plażowy ogrodowy składany leżanka regulacja oparcia stalowa konstrukcja cz,MultiStore,5905817001002,220.0,220.0,220.0,100%,100%,LOSS,0
3383,Żagiel przeciwsłoneczny daszek wodoodporny 3x3x3m beżowy MultiGarden,MultiStore,5905817002245,49.0,49.0,49.0,100%,100%,LOSS,0
3384,ŻAGIEL OGRODOWY WODOODPORNY TRÓJKĄTNY SZARY GARDENSTEIN GLEN 300 X 300 X,Kathay,5905817002252,41.0,41.0,41.0,100%,100%,LOSS,46
3385,Żagiel przeciwsłoneczny daszek wodoodporny 4x4x4m beżowy MultiGarden,MultiStore,5905817002238,64.0,64.0,64.0,100%,100%,LOSS,0
3386,NAMIOT OGRODOWY NA IMPREZY ZIELONY GARDENSTEIN BIRK 300 X 300 X 250 CM,MultiStore,5905817002108,249.0,249.0,249.0,100%,100%,LOSS,0
3387,ŻAGIEL OGRODOWY WODOODPORNY SZARY 4X4X4 M GARDENSTEIN GLEN,Kathay,5905817002221,63.0,63.0,63.0,100%,100%,LOSS,0
3388,Żagiel przeciwsłoneczny daszek wodoodporny 5x5x5m beżowy MultiGarden,MultiStore,5905817002207,85.0,85.0,85.0,100%,100%,LOSS,0
3389,Żagiel przeciwsłoneczny daszek wodoodporny 5x5x5m szary MultiGarden,MultiStore,5905817002214,89.0,89.0,89.0,100%,100%,LOSS,0
3390,Prostokątny żagiel przeciwsłoneczny 2x3 m daszek wodoodporny beżowy MultiGarden,MultiStore,5905817002191,57.0,57.0,57.0,100%,100%,LOSS,0
3392,Kwadratowy żagiel przeciwsłoneczny 3x3 m daszek wodoodporny beżowy MultiGarden,MultiStore,5905817002160,65.0,65.0,65.0,100%,100%,LOSS,0
3393,Kwadratowy żagiel przeciwsłoneczny 3x3 m daszek wodoodporny szary MultiGarden,MultiStore,5905817002177,65.0,65.0,65.0,100%,100%,LOSS,0
3394,Kwadratowy żagiel przeciwsłoneczny 4x4 m daszek wodoodporny beżowy MultiGarden,MultiStore,5905817002153,115.0,115.0,115.0,100%,100%,LOSS,0
3395,Kwadratowy żagiel przeciwsłoneczny 4x4 m daszek wodoodporny szary MultiGarden,MultiStore,5905817002146,95.0,95.0,95.0,100%,100%,LOSS,0
3396,Kwadratowy żagiel przeciwsłoneczny 5x5 m daszek wodoodporny beżowy MultiGarden,MultiStore,5905817002139,145.0,145.0,145.0,100%,100%,LOSS,0
3398,Kwadratowy żagiel przeciwsłoneczny 5x5 m daszek wodoodporny szary MultiGarden,MultiStore,5905817002122,159.0,159.0,159.0,100%,100%,LOSS,0
3400,DASZEK NAD DRZWI ZADASZENIE POLIWĘGLANOWE PRZEZROCZYSTE MARKETIA HOME 150,Kathay,5905817002573,190.0,190.0,190.0,100%,100%,LOSS,55
3401,DASZEK NAD DRZWI ZADASZENIE POLIWĘGLANOWE CZARNE MARKETIA HOME 120 X 100 CM,Kathay,5905817002566,145.0,145.0,145.0,100%,100%,LOSS,17
3402,DASZEK NAD DRZWI ZADASZENIE POLIWĘGLANOWE 120 X 80 CM MARKETIA HOME,Kathay,5905817002542,125.0,125.0,125.0,100%,100%,LOSS,28
3403,Daszek nad drzwi 100x80 cm zadaszenie osłona poliwęglan 100x80 cm MultiGarden,MultiStore,5905817002535,115.0,115.0,115.0,100%,100%,LOSS,0
3404,Daszek nad drzwi 200x100 cm zadaszenie osłona poliwęglan podwójny MultiGarden,MultiStore,5905817002580,221.0,221.0,221.0,100%,100%,LOSS,0
3405,DASZEK NAD DRZWI ZADASZENIE POLIWĘGLANOWE CZARNE MARKETIA HOME 150 X 80 CM,Kathay,5905817002559,135.0,135.0,135.0,100%,100%,LOSS,87
3408,Organizer pudełko szkatułka na biżuterię z lustrem ModernHome,MultiStore,5905817001989,20.0,20.0,20.0,100%,100%,LOSS,18
3411,Stacja pogodowa METEO SP107 czarna,MultiStore,5907265021908,141.0,141.0,141.0,100%,100%,LOSS,0
3412,Stacja pogodowa METEO SP107 biała,MultiStore,5907265021892,131.0,131.0,131.0,100%,100%,LOSS,160
3415,Stacja pogodowa METEO SP110B z DCF biała,MultiStore,5907265021939,121.0,121.0,121.0,100%,100%,LOSS,1034
3418,MARKIZA TARASOWA BALKONOWA WODOODPORNA SZARA GARDENSTEIN NORDEN 200 X 120,Kathay,5905817002467,240.0,240.0,240.0,100%,100%,LOSS,4
3419,Składana markiza 300x180 cm boczna roleta parawan do ogrodu na taras beżowa Mult,MultiStore,5905817002504,199.0,199.0,199.0,100%,100%,LOSS,0
3420,MARKIZA SKŁADANA OGRODOWA BOCZNA ANTRACYT GARDENSTEIN BREKKE 300 X 180 CM,Kathay,5905817002498,239.0,239.0,239.0,100%,100%,LOSS,110
3423,Składana markiza 300x200 cm boczna roleta parawan do ogrodu na taras beżowa Mult,MultiStore,5905817002511,240.0,240.0,240.0,100%,100%,LOSS,0
3424,Składana markiza 300x200 cm boczna roleta parawan do ogrodu na taras antracyt Mu,MultiStore,5905817002528,249.0,249.0,249.0,100%,100%,LOSS,0
3426,Szafka łazienkowa słupek 80cm biała,MultiStore,5903332006335,46.0,46.0,46.0,100%,100%,LOSS,5
3428,Nowoczesny regał na książki do salonu 6 półek,MultiStore,5903332069880,403.19,403.19,403.19,100%,100%,LOSS,18
3429,Regał na buty metalowy czarny 3 poziomy,MultiStore,5903332063451,107.0,107.0,107.0,100%,100%,LOSS,0
3440,Zestaw komplet krzeseł MARK białe drewniane nogi 4szt,MultiStore,5903332067947,373.0,373.0,373.0,100%,100%,LOSS,188
3441,Krzesło PRINT różowe ekoskóra obrotowe chromowana podstawa,MultiStore,5903332061815,133.64,133.64,133.64,100%,100%,LOSS,0
3442,Krzesło PRINT niebieskie ekoskóra obrotowe chromowana podstawa,MultiStore,5903332061822,133.64,133.64,133.64,100%,100%,LOSS,146
3444,Krzesło PRINT biało-różowe ekoskóra obrotowe chromowana podstawa,MultiStore,5903332061860,133.64,133.64,133.64,100%,100%,LOSS,335
3458,KOMPLET 2 KRZESEŁ OGRODOWYCH SKŁADANYCH SZARYCH GARDENSTEIN BREKKE,Kathay,5905817001071,111.0,111.0,111.0,100%,100%,LOSS,387
3462,MATA EDUKACYJNA PIANKOWA DLA DZIECI MIASTO ELEMENTÓW CM HOPLA TOYS,MultiStore,6958868803957,20.0,20.0,20.0,100%,100%,LOSS,78
3468,Krzesło z ekoskóry do salonu i jadalni 4szt. chromowane nogi szare,MultiStore,5904224309374,339.0,339.0,339.0,100%,100%,LOSS,27
3471,Hoker stołek barowy obrotowy podnóżek regulacja wysokości czarny ekoskóra Modern,MultiStore,5905817002313,79.0,79.0,79.0,100%,100%,LOSS,0
3477,Dwie bramki piłkarskie z siatką do piłki nożnej 180x122 cm MOVEPRO,MultiStore,5905817002030,99.0,99.0,99.0,100%,100%,LOSS,0
3478,Kwietnik regał na kwiaty ozdoby 4 półki metal MDF ciemny orzech ModernHome,MultiStore,5905817002429,91.0,91.0,91.0,100%,100%,LOSS,6
3481,Bramka piłkarska z siatką do piłki nożnej 300x200 cm MOVEPRO,MultiStore,5905817002009,165.0,165.0,165.0,100%,100%,LOSS,69
3486,Uchwyt na napoje półka do nadmuchiwanego basenu z hydromasażem SPA INTEX 28500,MultiStore,6941057404967,15.0,15.0,15.0,100%,100%,LOSS,0
3487,Siedzisko do nadmuchiwanego basenu z hydromasażem siedzenie z tworzywa INTEX SPA,MultiStore,6941057404981,65.0,65.0,65.0,100%,100%,LOSS,0
3488,Wielokolorowa lampa LED na baterie do SPA INTEX 28503,MultiStore,6941057404998,42.0,42.0,42.0,100%,100%,LOSS,0
3489,Uchwyt do napojów podświetlany LED z miejscem na tablet telefon SPA INTEX 28520,MultiStore,6941057420660,39.0,39.0,39.0,100%,100%,LOSS,0
3491,Magnetyczna lampa basenowa różne kolory LED INTEX 28698,MultiStore,6941057413969,220.0,220.0,220.0,100%,100%,LOSS,0
3492,Samolot dmuchany z działkiem INTEX 57536 czerwony,MultiStore,5903890601799,49.0,49.0,49.0,100%,100%,LOSS,0
3493,Zestaw gitara elektryczna mikrofon statyw dla dzieci MP3 - niebieska,MultiStore,5905817002825,40.0,40.0,40.0,100%,100%,LOSS,83
3504,Pokrywa solarna grzewcza mata do basenu 457 cm INTEX 28013,MultiStore,6941057422220,85.0,85.0,85.0,100%,100%,LOSS,0
3505,Mata solarna pokrywa do basenu stelażowego 400x200 cm INTEX 28028,MultiStore,6941057422282,39.0,39.0,39.0,100%,100%,LOSS,0
3508,Tablica z koszem do koszykówki stojąca regulowana wysokość piłka pompka,MultiStore,5905817002818,83.0,83.0,83.0,100%,100%,LOSS,0
3509,Warsztat majsterkowicza stół narzędziowy dla dzeci z narzędziami 23 elementy,MultiStore,5905817002801,41.0,41.0,41.0,100%,100%,LOSS,137
3510,Warsztat majsterkowicza dla dzieci 3w1 z narzędziami składany,MultiStore,5905817002795,80.0,80.0,80.0,100%,100%,LOSS,118
3533,Dmuchana trampolina zamek dla dzieci 174x174x135 cm INTEX 48259,MultiStore,6941057442594,249.0,249.0,249.0,100%,100%,LOSS,61
3535,Pływająca lampka solarna LED INTEX 28695,MultiStore,6941057408743,69.0,69.0,69.0,100%,100%,LOSS,18
3536,Odkurzacz bezprzewodowy do czyszczenia basenów INTEX 28628,MultiStore,6941057422770,255.0,255.0,255.0,100%,100%,LOSS,0
3537,Basen ogrodowy stelażowy duży prostokątny 220x150 cm INTEX 28266,MultiStore,6941057423333,229.0,229.0,229.0,100%,100%,LOSS,0
3538,Odkurzacz basenowy do czyszczenia automatyczny do basenu ZX300 INTEX 28005,MultiStore,6941057419596,369.0,369.0,369.0,100%,100%,LOSS,5
3539,Mata solarna pokrywa do basenu stelażowego 488x244 cm INTEX 28029,MultiStore,6941057422299,59.0,59.0,59.0,100%,100%,LOSS,0
3540,Mata solarna pokrywa do basenu stelażowego okrągła INTEX 28014,MultiStore,6941057422237,89.0,89.0,89.0,100%,100%,LOSS,0
3541,Odkurzacz basenowy do czyszczenia automatyczny do basenu ZX100 INTEX 28006,MultiStore,6941057422756,205.0,205.0,205.0,100%,100%,LOSS,0
3560,NAKŁADKA NA TOALETĘ ZE SCHODKAMI DRABINKĄ DLA DZIECI EDUKACYJNA HOPLA TOYS,MultiStore,5905817002917,53.0,53.0,53.0,100%,100%,LOSS,227
3565,Jeździk traktor New Holland z przyczepką interaktywna kierownica dźwięki dla dzi,MultiStore,5905817003112,121.0,121.0,121.0,100%,100%,LOSS,44
3569,Komplet 4 krzeseł krzesło welurowe do jadalni i salonu 4 sztuki szare ModernHome,MultiStore,5905817002931,310.0,310.0,310.0,100%,100%,LOSS,25
3581,Daszek do huśtawki 200x120 cm wodoodporne poszycie szary MultiGarden,MultiStore,5905817003358,79.0,79.0,79.0,100%,100%,LOSS,0
3582,Daszek do huśtawki 200x120 cm wodoodporne poszycie zielony MultiGarden,MultiStore,5905817003341,79.0,79.0,79.0,100%,100%,LOSS,0
3587,POKROWIEC NA HUŚTAWKĘ OGRODOWĄ SZARY WODOODPORNY GARDENSTEIN TOVEN 120 X,MultiStore,5905817003280,49.0,49.0,49.0,100%,100%,LOSS,0
3588,Siedzisko podkład do huśtawki ogrodowej 140x100 cm szare MultiGarden,MultiStore,5905817003297,49.0,49.0,49.0,100%,100%,LOSS,0
3599,JEŹDZIK GRAWITACYJNY POJAZD DLA DZIECI KOŁA LED ZIELONY HOPLA TOYS,MultiStore,5905817003020,89.0,89.0,89.0,100%,100%,LOSS,193
3600,JEŹDZIK GRAWITACYJNY POJAZD DLA DZIECI KOŁA LED NIEBIESKI HOPLA TOYS,MultiStore,5905817003006,89.0,89.0,89.0,100%,100%,LOSS,266
3601,JEŹDZIK GRAWITACYJNY POJAZD DLA DZIECI KOŁA LED RÓŻOWY PREMIUM HOPLA TOYS,MultiStore,5905817003013,89.0,89.0,89.0,100%,100%,LOSS,248
3603,JEŹDZIK GRAWITACYJNY POJAZD DLA DZIECI KOŁA LED FIOLETOWY HOPLA TOYS,MultiStore,5905817003044,89.0,89.0,89.0,100%,100%,LOSS,125
3615,Biurko Komputerowe narożne brązowe stalowa konstrukcja dwie półki,MultiStore,5903332063000,451.0,451.0,451.0,100%,100%,LOSS,0
3617,Fotel biurowy krzesło obrotowe z szerokim oparciem eco-skóra czarne,MultiStore,5903332061709,149.32,149.32,149.32,100%,100%,LOSS,0
3618,Fotel biurowy krzesło obrotowe z szerokim oparciem welur aksamit czarne,MultiStore,5903332061785,149.32,149.32,149.32,100%,100%,LOSS,208
3619,Fotel biurowy krzesło obrotowe z szerokim oparciem welur aksamit ciemnoszare,MultiStore,5903332061778,149.32,149.32,149.32,100%,100%,LOSS,153
3622,Krzesło obrotowe biurowe z szerokim oparciem welur aksamit granatowe,MultiStore,5903332061747,149.0,149.0,149.0,100%,100%,LOSS,0
3625,Krzesło obrotowe biurowe z szerokim oparciem welur aksamit szare,MultiStore,5903332061723,149.32,149.32,149.32,100%,100%,LOSS,0
3627,Krzesło obrotowe biurowe z szerokim oparciem eco-skóra chrom szare,MultiStore,5903332061716,149.0,149.0,149.0,100%,100%,LOSS,0
3632,Plastikowy regał łazienkowy z 4 półkami kółka czarny ModernHome,MultiStore,5905817003181,39.0,39.0,39.0,100%,100%,LOSS,0
3633,Metalowy regał mobliny łazienkowy z 4 półkami kółka czarny ModernHome,MultiStore,5905817003174,53.0,53.0,53.0,100%,100%,LOSS,0
3641,"MATA PIANKOWA EVA DLA DZIECI FARMA 90,5X90,5 CM 21 EL. HOPLA TOYS",MultiStore,5905817003440,28.0,28.0,28.0,100%,100%,LOSS,0
3661,KUCHNIA DLA DZIECI Z DŹWIĘKAMI I LED DREWNIANA DUŻA OTWIERANE SZ HOPLA TOYS,MultiStore,5905817003396,250.0,250.0,250.0,100%,100%,LOSS,8
3663,Duże lustro stojące 148 cm aluminiowa rama rozstawiane ModernHome,MultiStore,5905817003273,83.0,83.0,83.0,100%,100%,LOSS,43
3664,Duże lustro stojące 159 cm aluminium czarna rama  ModernHome,MultiStore,5905817003266,115.0,115.0,115.0,100%,100%,LOSS,36
3672,Suszarka do włosów 3w1 z jonizacją i regulacją 1600W VENTA WEBBER,MultiStore,5907265024961,403.0,403.0,403.0,100%,100%,LOSS,113
3676,Waga łazienkowa analityczna 15 parametrów Apple Health Google Fit SCALA WEBBER,MultiStore,5907265026606,255.0,255.0,255.0,100%,100%,LOSS,281
3681,Stacja pogodowa z DCF 3 czujniki projektor laserowy,MultiStore,5907265022059,180.14,180.14,180.14,100%,100%,LOSS,0
3682,Stacja pogodowa WIFI + miernik zanieczyszczenia powietrza,MultiStore,5907265022066,162.0,162.0,162.0,100%,100%,LOSS,327
3683,Stacja pogodowa WIFI z prognozą pogody,MultiStore,5907265022073,102.0,102.0,102.0,100%,100%,LOSS,1077
3685,Stacja pogodowa + miernik wiatru oraz opadów,MultiStore,5907265022097,348.0,348.0,348.0,100%,100%,LOSS,303
3687,STÓŁ NARZĘDZIOWY HOPLA TOYS,MultiStore,5905817003877,155.0,155.0,155.0,100%,100%,LOSS,20
3707,Zestaw do pokera blackjacka 500 żetonów 2 talie kart kości mata do gry zamykana ,MultiStore,5905817003952,103.0,103.0,103.0,100%,100%,LOSS,289
3724,Frytownica beztłuszczowa Eldom FR35,MultiStore,5908277388188,121.0,121.0,121.0,100%,100%,LOSS,154
3729,NAMIOT DLA DZIECI PLAC ZABAW 3W1 IGLO TIPI TUNEL ZESTAW HOPLA TOYS,MultiStore,6958868824020,85.0,85.0,85.0,100%,100%,LOSS,0
3733,Kuchnia dla dzieci dźwięki LED zlew 10 akcesoriów,MultiStore,5905817004034,45.0,45.0,45.0,100%,100%,LOSS,40
3743,Garaż samochodowy XXL komenda policji 5 poziomów + mata z miastem 82 elementy,MultiStore,5905817004119,89.0,89.0,89.0,100%,100%,LOSS,0
3745,Regał organizer pomocnik do kuchni łazienki metalowy 4 półki kółka czarny Modern,MultiStore,5905817004331,39.0,39.0,39.0,100%,100%,LOSS,0
3756,Materac dmuchany do spania 203x152 cm dwuosobowy łóżko INTEX 64143,MultiStore,6941057413556,62.0,62.0,62.0,100%,100%,LOSS,0
3757,Materac dmuchany do spania 191x99 cm jednosobowy łóżko INTEX 64146ND,MultiStore,6941057422893,59.0,59.0,59.0,100%,100%,LOSS,0
3760,Materac dmuchany dla dzieci do spania 157x88x18 cm niebieski INTEX 66803NP BLUE,MultiStore,5905817006823,36.0,36.0,36.0,100%,100%,LOSS,0
3764,Zestaw 4 krzeseł do salonu jadalni proste pikowane krzesło chromowane nogi czarn,MultiStore,5904224306656,332.1,332.1,332.1,100%,100%,LOSS,13
3765,Zestaw 4 krzeseł do salonu jadalni z ekoskóry wyprofilowane oparcie białe,MultiStore,5904224305574,332.1,332.1,332.1,100%,100%,LOSS,164
3766,Zestaw 4 krzeseł do salonu jadalni z ekoskóry wyprofilowane oparcie szare,MultiStore,5904224311148,332.1,332.1,332.1,100%,100%,LOSS,12
3773,Fotel fiński bujany z podnóżkiem finka leżanka do salonu ModernHome,MultiStore,5905817004423,299.0,299.0,299.0,100%,100%,LOSS,43
3775,STOLIK Z INSTRUMENTAMI STÓŁ MUZYCZNY CYMBAŁKI TALERZ PERKUSYJNY HOPLA TOYS,MultiStore,5905817003884,34.0,34.0,34.0,100%,100%,LOSS,136
3776,DREWNIANA KUCHNIA DLA DZIECI DŹWIĘKI LED PIEKARNIK PRALKA AKCESO HOPLA TOYS,MultiStore,5905817003839,209.0,209.0,209.0,100%,100%,LOSS,0
3778,DUŻA DREWNIANA KUCHNIA DLA DZIECI Z WARZYWNIAKIEM I AKCESORIAMI HOPLA TOYS,MultiStore,5905817003822,210.0,210.0,210.0,100%,100%,LOSS,39
3779,"ROWEREK BIEGOWY DLA DZIECI BEZPIECZNA KONSTRUKCJA KOŁA EVA ""KOSM HOPLA TOYS",MultiStore,5905817004430,99.0,99.0,99.0,100%,100%,LOSS,19
3782,Zestaw 4 krzeseł tapicerowane pikowane do jadalni i salonu 4 sztuki szare,MultiStore,5904224305628,332.1,332.1,332.1,100%,100%,LOSS,0
3783,Zestaw 4 krzeseł tapicerowane pikowane do jadalni i salonu 4 sztuki szare,MultiStore,5904224306663,332.1,332.1,332.1,100%,100%,LOSS,21
3785,Biurko komputerowe regał z półkami regulowane nóżki dąb sonoma,MultiStore,5903332086283,249.0,249.0,249.0,100%,100%,LOSS,72
3788,Skrzynia kufer do przechowywania styl rustykalny,MultiStore,5903332070718,327.0,327.0,327.0,100%,100%,LOSS,27
3795,NOCNIK TOALETA SEDES DLA DZIECI WYJMOWANY WKŁAD ANTYPOŚLIZGOWE N HOPLA TOYS,MultiStore,5905817004485,33.0,33.0,33.0,100%,100%,LOSS,0
3796,NOCNIK TOALETA SEDES DLA DZIECI WYJMOWANY WKŁAD ANTYPOŚLIZGOWE N HOPLA TOYS,MultiStore,5905817004492,19.0,19.0,19.0,100%,100%,LOSS,0
3797,NOCNIK TOALETA SEDES DLA DZIECI WYJMOWANY WKŁAD ANTYPOŚLIZGOWE N HOPLA TOYS,MultiStore,5905817004508,33.0,33.0,33.0,100%,100%,LOSS,50
3800,FOTEL KRZESEŁKO DO KARMIENIA DZIECI 2W1 ZIELONY CERTYFIKOWANA HOPLA TOYS,MultiStore,5905817004577,109.0,109.0,109.0,100%,100%,LOSS,18
3804,LEŻAK OGRODOWY SKŁADANY SZARY Z PODUSZKĄ GARDENSTEIN SVANEN 74 X 74 X 18 CM,Kathay,5905817005208,151.0,151.0,151.0,100%,100%,LOSS,249
3806,GARNEK ŻELIWNY OGRODOWY 5L GARDENSTEIN HALDEN 26.5 X 26.5 X 20 CM,Kathay,5905817004799,85.0,85.0,85.0,100%,100%,LOSS,179
3807,KOCIOŁEK ŻELIWNY OGRODOWY 8 L GARDENSTEIN HALDEN 29 X 29 X 26 CM,Kathay,5905817004805,105.0,105.0,105.0,100%,100%,LOSS,221
3808,KOCIOŁEK ŻELIWNY OGRODOWY 10 L GARDENSTEIN HALDEN 32 X 32 X 26 CM,Kathay,5905817004812,129.0,129.0,129.0,100%,100%,LOSS,33
3809,Kociołek żeliwny stojący 15L garnek myśliwski ognisko grill MultiGarden,MultiStore,5905817004829,219.0,219.0,219.0,100%,100%,LOSS,0
3812,WÓZEK TRANSPORTOWY PLAŻOWY SKŁADANY CZERWONY 48 X 90 CM GARDENSTEIN BODEN,Kathay,5905817005154,125.0,125.0,125.0,100%,100%,LOSS,25
3821,Sztuczny bluszcz żywopłot 500x50 cm zielona osłona na balkon maskująca,MultiStore,5905817005383,65.0,65.0,65.0,100%,100%,LOSS,0
3823,Sztuczny bluszcz żywopłot 300x100 cm zielona osłona na balkon maskująca,MultiStore,5905817005406,65.0,65.0,65.0,100%,100%,LOSS,0
3832,Roleta markiza pionowa zwijana na korbkę balkon taras altana beżowa MultiGarden,MultiStore,5905817005482,240.0,240.0,240.0,100%,100%,LOSS,0
3833,STOLIK OGRODOWY KWADRATOWY METALOWY 80 X 80 CM GARDENSTEIN BREKKE,Kathay,5905817004867,118.0,118.0,118.0,100%,100%,LOSS,341
3834,STOLIK OGRODOWY OKRĄGŁY METALOWY Z OTWOREM NA PARASOL GARDENSTEIN BREKKE,Kathay,5905817004850,115.0,115.0,115.0,100%,100%,LOSS,87
3835,STÓŁ OGRODOWY METALOWY NA PARASOL CZARNY GARDENSTEIN BREKKE 120 X 70 CM,Kathay,5905817004836,180.0,225.0,180.0,80%,100%,LOSS|UNDER_10,495
3839,Leżak plażowy ogrodowy składany leżanka regulacja oparcia stalowa konstrukcja sz,MultiStore,5905817004911,220.0,220.0,220.0,100%,100%,LOSS,0
3842,Ogrzewacz gazowy promiennik grzejnik 13 kW szklany na ogród patio reduktor kamie,MultiStore,5905817004966,770.0,770.0,770.0,100%,100%,LOSS,47
3844,PARASOL GRZEJNIK GAZOWY OGRODOWY 13 KW GARDENSTEIN BREKKE Z POKROWCEM,Kathay,5905817005024,730.0,769.0,730.0,95%,100%,LOSS,190
3845,GRZEJNIK OGRODOWY GAZOWY PARASOLOWY 11 KW GARDENSTEIN BREKKE 100 X 41 X 41,Kathay,5905817005109,719.0,719.0,719.0,100%,100%,LOSS,232
3848,Bramka barierka zabezpieczająca 74-130 cm na schody i drzwi metal drewno dodatko,MultiStore,5905817006540,209.0,209.0,209.0,100%,100%,LOSS,0
3849,Bramka barierka zabezpieczająca 74-100 cm na schody i drzwi metal drewno dodatko,MultiStore,5905817006526,139.0,139.0,139.0,100%,100%,LOSS,63
3850,Bramka barierka zabezpieczająca 74-80 cm na schody i drzwi metal drewno ECOTOYS,MultiStore,5905817006533,109.0,109.0,109.0,100%,100%,LOSS,12
3852,Barierka ochronna na łóżko 150 cm osłona zabezpieczenie dla dzieci ECOTOYS,MultiStore,5905817006441,85.0,85.0,85.0,100%,100%,LOSS,110
3853,Barierka ochronna na łóżko 180 cm osłona zabezpieczenie dla dzieci ECOTOYS,MultiStore,5905817006458,109.0,109.0,109.0,100%,100%,LOSS,351
3854,Barierka ochronna na łóżko 200 cm osłona zabezpieczenie dla dzieci ECOTOYS,MultiStore,5905817006465,109.0,109.0,109.0,100%,100%,LOSS,253
3855,Bramka barierka zabezpieczająca 74-105 cm na schody i drzwi stal dodatkowe panel,MultiStore,5905817006427,131.0,131.0,131.0,100%,100%,LOSS,106
3856,Stolik boczny pod laptopa kawowy w kształcie litery C marmur czarny ModernHome,MultiStore,5905817005543,50.0,50.0,50.0,100%,100%,LOSS,0
3857,Szafka regał organizer tekstylny z wyciąganymi koszami 3 poziomy loft czarna Mod,MultiStore,5905817005550,79.0,79.0,79.0,100%,100%,LOSS,0
3859,Bramka kojec barierka ochronna dla dzieci i zwierząt 5 paneli 60 cm metal czarny,MultiStore,5905817006434,209.0,209.0,209.0,100%,100%,LOSS,0
3867,Pokrywa solarna do basenu 549 cm INTEX 28015,MultiStore,6941057422244,115.0,115.0,115.0,100%,100%,LOSS,0
3868,Pokrywa solarna do basenu stelażowego 549 cm INTEX 28016,MultiStore,6941057422251,89.0,89.0,89.0,100%,100%,LOSS,0
387,Pompka ręczna do matareca basenu DOUBLE QUICK II INTEX 68612,MultiStore,6941057466125,10.0,10.0,10.0,100%,100%,LOSS,0
3872,Basen ogrodowy stelażowy 450x220x84 cm 7127 litrów INTEX 28273,MultiStore,6941057400280,459.0,459.0,459.0,100%,100%,LOSS,0
3873,Odkurzacz basenowy elektryczny bezprzewodowy INTEX 28626,MultiStore,6941057426082,212.0,212.0,212.0,100%,100%,LOSS,0
3874,Zjeżdżalnia dla dzieci ogrodowa ślizg 183 cm stal tworzywo INTEX 44106,MultiStore,6941057426501,279.0,279.0,279.0,100%,100%,LOSS,0
3877,Nadmuchiwane SPA basen z hydromasażem 6 os. 216x71 cm akcesoria premium INTEX 28,MultiStore,6941057418186,1899.0,1899.0,1899.0,100%,100%,LOSS,0
3880,Opryskiwacz ciśnieniowy 8L ogrodowy ręczny 2.2-2.5 bar długa lanca pompa tłokowa,MultiStore,5905817005048,24.0,24.0,24.0,100%,100%,LOSS,0
3882,Leżak ogrodowy leżanka zagłówek stalowa konstrukcja czarny MultiGarden,MultiStore,5905817005192,151.0,151.0,151.0,100%,100%,LOSS,0
3885,Basen stelażowy okrągły dla dzieci 244x76 cm różowy INTEX 28290,MultiStore,6941057423340,229.0,229.0,229.0,100%,100%,LOSS,0
3886,Dmuchany krokodyl materac do pływania z uchwytami 203x114 cm INTEX 58562,MultiStore,6941057458564,39.0,39.0,39.0,100%,100%,LOSS,0
3889,Pompa filtrująca piaskowa do basenu 3500 L/h INTEX 26642,MultiStore,6941057421872,329.0,329.0,329.0,100%,100%,LOSS,0
3890,NAMIOT OGRODOWY PAWILON SKŁADANY ZIELONY 300 X 300 CM GARDENSTEIN STIGEN,Kathay,5905817005604,179.0,179.0,179.0,100%,100%,LOSS,84
3892,NAMIOT OGRODOWY PAWILON IMPREZOWY SZARY 300 X 300 CM GARDENSTEIN STIGEN,Kathay,5905817005628,179.0,179.0,179.0,100%,100%,LOSS,153
3893,NAMIOT OGRODOWY PAWILON HANDLOWY ZIELONY GARDENSTEIN STIGEN 200 X 200 X,Kathay,5905817005673,189.0,199.0,189.0,95%,100%,LOSS,261
3894,Namiot pawilon ogrodowy handlowy 3x6 m 6 ścianek biały MultiGarden,MultiStore,5905817005635,310.0,310.0,310.0,100%,100%,LOSS,0
3895,Namiot pawilon ogrodowy handlowy 3x9 m 8 ścianek biały MultiGarden,MultiStore,5905817005642,449.0,449.0,449.0,100%,100%,LOSS,0
3896,Namiot pawilon ogrodowy handlowy 3x6 m 6 ścianek szary MultiGarden,MultiStore,5905817006489,310.0,310.0,310.0,100%,100%,LOSS,0
3897,Namiot pawilon ogrodowy handlowy 3x9 m 8 ścianek szary MultiGarden,MultiStore,5905817006472,469.0,469.0,469.0,100%,100%,LOSS,0
3899,Rowerek biegowy dla dzieci koła EVA regulacja siodełka biały ECOTOYS,MultiStore,5905817006014,65.0,65.0,65.0,100%,100%,LOSS,30
3900,Rowerek biegowy dla dzieci koła EVA regulacja siodełka zielony ECOTOYS,MultiStore,5905817006021,65.0,65.0,65.0,100%,100%,LOSS,21
3901,Rowerek biegowy dla dzieci koła EVA regulacja siodełka różowy ECOTOYS,MultiStore,5905817006038,65.0,65.0,65.0,100%,100%,LOSS,23
3902,Rowerek biegowy dla dzieci koła EVA regulacja siodełka szary ECOTOYS,MultiStore,5905817006359,65.0,65.0,65.0,100%,100%,LOSS,21
3904,Kettlebell kettle 4 kg do ćwiczeń hantla kula odważnik obciążenie ciężar fitness,MultiStore,5905817006229,15.0,15.0,15.0,100%,100%,LOSS,116
3906,Kettlebell kettle 8 kg do ćwiczeń hantla kula odważnik obciążenie ciężar fitness,MultiStore,5905817006274,29.0,29.0,29.0,100%,100%,LOSS,0
3914,Grill węglowy duży ogrodowy z pokrywą termometr półki koła dmuchawa gratis,MultiStore,5904224310561,430.5,430.5,430.5,100%,100%,LOSS,161
3918,Hantle sześciokątne zestaw 2x2 kg ciężarki do ćwiczeń obciążniki fitness różowe ,MultiStore,5905817006106,21.0,21.0,21.0,100%,100%,LOSS,0
3920,Hantle sześciokątne zestaw 2x3 kg ciężarki do ćwiczeń obciążniki fitness różowe ,MultiStore,5905817006151,33.0,33.0,33.0,100%,100%,LOSS,0
3922,Hantle sześciokątne zestaw 2x4 kg ciężarki do ćwiczeń obciążniki fitness różowe ,MultiStore,5905817006168,36.0,36.0,36.0,100%,100%,LOSS,0
393,Duża pompka ręczna do matareca basenu DOUBLE QUICK II INTEX 68614,MultiStore,6941057466149,13.0,13.0,13.0,100%,100%,LOSS,0
4230,Suszarka na pranie odzież bieliznę stojąca rozsuwana balkonowa 27 metrów czarna,MultiStore,5904265076792,158.67,158.67,158.67,100%,100%,LOSS,443
4233,STOLIK OGRODOWY KWADRATOWY METALOWY 105 CM GARDENSTEIN BREKKE,Kathay,5905817004874,199.0,199.0,199.0,100%,100%,LOSS,117
4238,Ławka ogrodowa z oparciem parkowa na taras balkon metalowa konstrukcja,MultiStore,5904265074149,237.0,237.0,237.0,100%,100%,LOSS,166
4240,Ławka ogrodowa z oparciem parkowa na taras balkon metalowa konstrukcja grafitowa,MultiStore,5904265078239,232.47,232.47,232.47,100%,100%,LOSS,69
4243,Ażurowa ławka ogrodowa z oparciem parkowa na taras balkon metalowa konstrukcja g,MultiStore,5904265080485,237.0,237.0,237.0,100%,100%,LOSS,65
4244,Waga elektroniczna 200 kg magazynowa sklepowa platformowa towarowa przemysłowa L,MultiStore,5904265080089,158.67,158.67,158.67,100%,100%,LOSS,0
4245,Lodówka turystyczna przenośna samochodowa 29L 220-240V DC12V funkcja grzania wkł,MultiStore,5904265074514,280.0,280.0,280.0,100%,100%,LOSS,24
4246,Lodówka turystyczna przenośna samochodowa 29L 220-240V DC12V funkcja grzania wkł,MultiStore,5904265074491,280.0,280.0,280.0,100%,100%,LOSS,90
4247,Klęcznik stołek składany do pracy w ogrodzie pas narzędziowy 2 przyborniki,MultiStore,5904265079878,79.83,79.83,79.83,100%,100%,LOSS,16
4248,Piła łańcuchowa akumulatorowa mini pilarka ręczna silnik bezszczotkowy 21V + wal,MultiStore,5904265080140,175.0,175.0,175.0,100%,100%,LOSS,0
4249,Stacja pogodowa podświetlana bezprzewodowa z czujnikiem zewnętrznym wyświetlacz ,MultiStore,5904265079670,109.47,109.47,109.47,100%,100%,LOSS,414
4251,Składany parasol ogrodowy balkonowy regulowany 210 cm beżowy,MultiStore,5904265078116,126.0,126.0,126.0,100%,100%,LOSS,186
4252,Składany parasol ogrodowy balkonowy regulowany 210 cm szary,MultiStore,5904265078109,126.0,126.0,126.0,100%,100%,LOSS,0
432,NAMIOT DLA DZIECI DOMEK NAMIOCIK REMIZA STRAŻAKA HOPLA TOYS,MultiStore,6958868887223,51.0,51.0,51.0,100%,100%,LOSS,316
433,BASEN KULKOWY PIŁKI PIŁECZKI KULKI BASENU NAMIOTU ZESTAW 100 HOPLA TOYS,MultiStore,6958868891008,35.0,35.0,35.0,100%,100%,LOSS,0
4540,Basen dmuchany brodzik dla dzieci basenik arbuz INTEX 58448,MultiStore,6941057413105,38.0,38.0,38.0,100%,100%,LOSS,0
4543,Pompa filtrująca do basenu 3785 L/h filtr + elementy instalacyjne INTEX 26638,MultiStore,6941057429038,139.0,139.0,139.0,100%,100%,LOSS,0
4544,Nadmuchiwane SPA kwadratowe basen z hydromasażem 6 os. 196x71 cm akcesoria premi,MultiStore,6941057429182,2259.0,2259.0,2259.0,100%,100%,LOSS,0
4545,Pompa filtrująca do basenu 5678L/h filtr + elementy instalacyjne INTEX 26636,MultiStore,6941057429090,249.0,249.0,249.0,100%,100%,LOSS,0
4546,Pompa filtrująca do basenu 2006L/h filtr + elementy instalacyjne INTEX 26604,MultiStore,6941057429014,99.0,99.0,99.0,100%,100%,LOSS,0
4548,Zagłówek piankowy poduszka do nadmuchiwanego SPA basenu z hydromasażem INTEX 285,MultiStore,6941057413976,29.0,29.0,29.0,100%,100%,LOSS,0
4550,Nadmuchiwane SPA ośmiokątne basen z hydromasażem 4 os. 180x71 cm akcesoria premi,MultiStore,6941057418209,2999.0,2999.0,2999.0,100%,100%,LOSS,0
4551,Dmuchany materac plażowy do pływania 188x71 cm INTEX 59894,MultiStore,6941057408897,28.0,28.0,28.0,100%,100%,LOSS,0
4552,Basen dmuchany brodzik dla dzieci owalny 163x109x46 cm INTEX 57482,MultiStore,6941057454825,58.0,58.0,58.0,100%,100%,LOSS,0
4553,Markiza przeciwsłoneczna balkonowa 200x120 cm regulacja wysokości wodoodporna ko,MultiStore,5905817005291,240.0,240.0,240.0,100%,100%,LOSS,0
4554,Markiza przeciwsłoneczna balkonowa 300x120 cm regulacja wysokości wodoodporna ko,MultiStore,5905817005314,290.0,290.0,290.0,100%,100%,LOSS,0
4555,Markiza przeciwsłoneczna balkonowa 300x120 cm regulacja wysokości wodoodporna ko,MultiStore,5905817005307,290.0,290.0,290.0,100%,100%,LOSS,0
4556,Roleta markiza pionowa zwijana na korbkę balkon taras altana antracyt MultiGarde,MultiStore,5905817005475,220.0,220.0,220.0,100%,100%,LOSS,0
4557,Komplet 4 krzeseł składanych zestaw cateringowy metal HDPE białe MultiGarden,MultiStore,5905817004744,199.0,199.0,199.0,100%,100%,LOSS,0
4558,Podwójna markiza 300x300x180 cm przeciwsłoneczna boczna parawan roleta antracyt ,MultiStore,5905817005321,399.0,399.0,399.0,100%,100%,LOSS,0
4561,Markiza zaciskowa rozporowa roleta zwijana na korbkę regulacja wysokości antracy,MultiStore,5905817005499,290.0,290.0,290.0,100%,100%,LOSS,0
4565,Składana markiza 350x180 cm boczna roleta parawan do ogrodu na taras antracyt Mu,MultiStore,5905817005284,240.0,240.0,240.0,100%,100%,LOSS,0
4566,Składana markiza 350x200 cm boczna roleta parawan do ogrodu na taras antracyt Mu,MultiStore,5905817005277,260.0,260.0,260.0,100%,100%,LOSS,0
4573,Krzesła z wyprofilowanym oparciem- VELVET CZARNE - 4 sztuki,MultiStore,5904224306670,332.1,332.1,332.1,100%,100%,LOSS,32
4574,Krzesła z wyprofilowanym oparciem- VELVET SZARE - 4 sztuki,MultiStore,5904224306687,332.1,332.1,332.1,100%,100%,LOSS,71
4575,Krzesła z wyprofilowanym oparciem- VELVET ZIELONY - 4 sztuki,MultiStore,5904224306731,332.1,332.1,332.1,100%,100%,LOSS,66
4576,Krzesła z wyprofilowanym oparciem- VELVET NIEBIESKI - 4 sztuki,MultiStore,5904224306717,332.1,332.1,332.1,100%,100%,LOSS,69
4577,KOMPLET 2 KRZESEŁ OGRODOWYCH SKŁADANYCH JASNY SZARY GARDENSTEIN EINAR,Kathay,5905817001088,125.0,125.0,125.0,100%,100%,LOSS,246
4582,Parasol ogrodowy duży na wysięgniku składany 3 m 6 żeber zielony MultiGarden,MultiStore,5905817006045,180.0,180.0,180.0,100%,100%,LOSS,0
4583,PARASOL OGRODOWY BALKONOWY UCHYLNY ZIELONY 270 CM GARDENSTEIN FLOM,Kathay,5905817005260,105.0,105.0,105.0,100%,100%,LOSS,58
4586,Zestaw mebli dla dzieci stolik + 2 krzesła tablica kredowa ECOTOYS,MultiStore,5905817006755,280.0,280.0,280.0,100%,100%,LOSS,16
4589,Huśtawka ogrodowa podwójna plac zabaw dla dzieci szybowiec INTEX 44120,MultiStore,6941057425221,500.0,500.0,500.0,100%,100%,LOSS,75
4590,Siatka do siatkówki badmintona 600x240 cm składana wytrzymała MOVEPRO,MultiStore,5905817006076,73.0,73.0,73.0,100%,100%,LOSS,86
4592,Rebounder do piłki nożnej trenażer piłkarski bramka do odbijania piłki 100x100 c,MultiStore,5905817006052,105.0,105.0,105.0,100%,100%,LOSS,64
4599,Sztuczny bluszcz żywopłot 3 szt. 500x150 cm zielona osłona na balkon maskująca,MultiStore,5905817007226,180.0,180.0,180.0,100%,100%,LOSS,0
4600,Regał magazynowy 180x90x40 cm stal galwanizowana 5 półek 875 kg ModernHome,MultiStore,5905817006687,49.0,49.0,49.0,100%,100%,LOSS,0
4606,Dwustronna mata bambusowa 100x500 cm na balkon taras ogrodzenie antracyt MultiGa,MultiStore,5905817005369,103.0,103.0,103.0,100%,100%,LOSS,0
4608,Dwustronna mata bambusowa 150x300 cm na balkon taras ogrodzenie antracyt MultiGa,MultiStore,5905817005376,105.0,105.0,105.0,100%,100%,LOSS,0
4609,Dwustronna mata bambusowa 150x300 cm na balkon taras ogrodzenie naturalna MultiG,MultiStore,5905817005413,63.0,63.0,63.0,100%,100%,LOSS,0
4610,Dwustronna mata bambusowa 150x500 cm na balkon taras ogrodzenie naturalna MultiG,MultiStore,5905817005420,103.0,103.0,103.0,100%,100%,LOSS,0
4611,Składany parawan ogrodowy pokojowy 4-panelowy 167x216 cm beżowy MultiGarden,MultiStore,5905817005451,129.0,129.0,129.0,100%,100%,LOSS,0
4612,Składany parawan ogrodowy pokojowy 4-panelowy 167x216 cm szary MultiGarden,MultiStore,5905817005468,135.0,135.0,135.0,100%,100%,LOSS,0
4613,Składany parawan ogrodowy pokojowy 3-panelowy 167x164 cm szary MultiGarden,MultiStore,5905817005437,111.0,111.0,111.0,100%,100%,LOSS,0
4614,Składany parawan ogrodowy pokojowy 3-panelowy 167x164 cm beżowy MultiGarden,MultiStore,5905817005444,105.0,105.0,105.0,100%,100%,LOSS,0
4618,Osłona balkonowa z okuciami 100x700 cm siatka cieniująca + elementy instalacyjne,MultiStore,5905817005345,49.0,49.0,49.0,100%,100%,LOSS,0
4637,Basen dmuchany brodzik dla dzieci wyspa daszek INTEX 58417,MultiStore,6941057422633,79.0,79.0,79.0,100%,100%,LOSS,0
4649,Namiot pawilon ogrodowy 3x3 m rozkładany automatycznie daszek do ogrodu na taras,MultiStore,5905817005734,220.0,220.0,220.0,100%,100%,LOSS,0
4650,Namiot pawilon ogrodowy 3x3 m rozkładany automatycznie daszek do ogrodu na taras,MultiStore,5905817005710,220.0,220.0,220.0,100%,100%,LOSS,0
4651,Namiot pawilon ogrodowy handlowy 2x2x2 m z moskitierą biały MultiGarden,MultiStore,5905817005659,220.0,220.0,220.0,100%,100%,LOSS,0
4652,Namiot pawilon ogrodowy handlowy 2x2x2 m z moskitierą szary MultiGarden,MultiStore,5905817005666,220.0,220.0,220.0,100%,100%,LOSS,0
4654,Domek dla lalek Alice 3 piętra 4 pomieszczenia komplet 9 mebelków ECOTOYS,MultiStore,5905817006335,150.0,150.0,150.0,100%,100%,LOSS,237
4655,Namiot plażowy parawan samorozkładający na plażę basen ogród MultiGarden,MultiStore,5905817006960,50.0,50.0,50.0,100%,100%,LOSS,0
4659,NAMIOT TURYSTYCZNY 4-OSOBOWY ZIELONY GARDENSTEIN LARSEN 1500 MM,Kathay,5905817006984,199.0,199.0,199.0,100%,100%,LOSS,252
4660,Nowoczesny wentylator stojący bezłopatkowy podłogowy 60W 3 tryby pracy pilot tim,MultiStore,5904265080768,139.0,139.0,139.0,100%,100%,LOSS,0
4661,Wentylator podłogowy wiatrak stojący 45W 3 tryby pracy 5 łopatek timer pilot,MultiStore,5904265080713,77.0,77.0,77.0,100%,100%,LOSS,0
4662,NAMIOT OGRODOWY ROZKŁADANY Z DASZKIEM 300 X 300 CM GARDENSTEIN BREKKE,Kathay,5905817005727,230.0,230.0,230.0,100%,100%,LOSS,6
4664,NAMIOT OGRODOWY STALOWY BIAŁY 200 X 200 X 200 CM GARDENSTEIN STIGEN,Kathay,5905817005703,210.0,210.0,210.0,100%,100%,LOSS,17
4665,Namiot pawilon ogrodowy handlowy 2x2x2 m z oknami szary MultiGarden,MultiStore,5905817005697,210.0,210.0,210.0,100%,100%,LOSS,0
4666,POKROWIEC NA STÓŁ CATERINGOWY BIAŁY 240 X 76 X 74 CM GARDENSTEIN TORVEN,Kathay,5905817006816,39.0,39.0,39.0,100%,100%,LOSS,138
4667,Wentylator podłogowy wiatrak stojący 45W 3 tryby pracy 5 łopatek timer pilot,MultiStore,5904265080683,77.0,77.0,77.0,100%,100%,LOSS,0
4669,Wentylator podłogowy wiatrak stojący 45W 3 tryby pracy 5 łopatek biały,MultiStore,5904265080720,65.0,65.0,65.0,100%,100%,LOSS,0
4670,Wentylator podłogowy wiatrak stojący 45W 3 tryby pracy 5 łopatek czarny,MultiStore,5904265080676,65.0,65.0,65.0,100%,100%,LOSS,0
4678,Poziomica laserowa płaszczyznowa zielony laser krzyżowy 360° 4D 16 linii,MultiStore,5904265080478,199.0,199.0,199.0,100%,100%,LOSS,0
4679,Zestaw narzędzi walizka narzędziowa 111 elementów klucze wkrętaki bity,MultiStore,5904265080737,125.0,125.0,125.0,100%,100%,LOSS,138
4680,Zestaw narzędzi walizka narzędziowa 140 elementów klucze wkrętaki bity,MultiStore,5904265080751,149.0,149.0,149.0,100%,100%,LOSS,266
4681,Zestaw narzędzi walizka narzędziowa 58 elementów klucze wkrętaki szczypce,MultiStore,5904265080782,175.0,175.0,175.0,100%,100%,LOSS,301
4682,Duży zestaw narzędzi walizka narzędziowa na kółkach 189 elementów klucze wkrętak,MultiStore,5904265080775,309.0,309.0,309.0,100%,100%,LOSS,137
4685,Kojec modułowy zagroda dla małych zwierząt gryzoni chomika świnki morskiej 2 poz,MultiStore,5903332086757,181.0,181.0,181.0,100%,100%,LOSS,0
4686,Kojec modułowy zagroda dla małych zwierząt gryzoni chomika świnki morskiej czarn,MultiStore,5903332078516,85.0,85.0,85.0,100%,100%,LOSS,352
4690,Stołek barowy okrągły 2 sztuki 65 cm hoker kuchenny wysokie krzesło z podnóżkiem,MultiStore,5903332086634,199.0,199.0,199.0,100%,100%,LOSS,0
4691,Hoker stołek barowy obrotowy regulacja wysokości podnóżek welur granatowy,MultiStore,5903332064076,169.19,169.19,169.19,100%,100%,LOSS,131
4692,Hoker stołek barowy obrotowy regulacja wysokości podnóżek ekoskóra czarny,MultiStore,5903332061914,169.19,169.19,169.19,100%,100%,LOSS,508
4693,Hoker stołek barowy obrotowy regulacja wysokości podnóżek welur szary,MultiStore,5903332064090,169.19,169.19,169.19,100%,100%,LOSS,804
4694,Szafka łazienkowa wisząca regał komoda z regulowaną półką biała,MultiStore,5903332078462,218.0,218.0,218.0,100%,100%,LOSS,40
4695,Szafka łazienkowa pod umywalkę regał komoda z regulowaną półką rustykalny brąz,MultiStore,5903332070671,210.55,210.55,210.55,100%,100%,LOSS,45
4696,Komoda szafka do sypialni salonu przedpokoju 7 szuflad rustykalny brąz,MultiStore,5903332070589,375.0,375.0,375.0,100%,100%,LOSS,46
4698,PARASOL GRZEJNIK GAZOWY OGRODOWY 9 KW GARDENSTEIN BREKKE 46 X 44 X 128 CM,Kathay,5905817007158,559.0,559.0,559.0,100%,100%,LOSS,72
4699,GRZEJNIK GAZOWY OGRODOWY 11 KW NA POKROWIEC GARDENSTEIN SANDEN 45 X 45 CM,Kathay,5905817007165,420.0,439.0,420.0,96%,100%,LOSS,103
4721,Stepper z ekspanderami do ćwiczeń fitness licznik wyświetlacz ModernHome,MultiStore,5905817007141,129.0,129.0,129.0,100%,100%,LOSS,141
4722,Kostkarka do lodu domowa maszyna do kostek kuszony lód 10 kg 165W WEBBER,MultiStore,5907265029492,364.0,364.0,364.0,100%,100%,LOSS,136
4723,Kostkarka do lodu domowa maszyna do kostek kuszony lód 12 kg 100W IDEAL,MultiStore,5908277389291,299.0,299.0,299.0,100%,100%,LOSS,0
4724,Drewniany stół do masażu i rehabilitacji 2-segmentowy składany w walizkę + torba,MultiStore,5905817007400,299.0,299.0,299.0,100%,100%,LOSS,0
4725,Stołek obrotowy z oparciem taboret kosmetyczny medyczny fotel regulowany biały M,MultiStore,5905817007523,109.0,109.0,109.0,100%,100%,LOSS,0
4726,Stołek obrotowy siodło taboret kosmetyczny medyczny fotel regulowany biały Moder,MultiStore,5905817007370,89.0,89.0,89.0,100%,100%,LOSS,0
4727,Stołek obrotowy taboret kosmetyczny medyczny fotel regulowany czarny ModernHome,MultiStore,5905817007387,93.0,93.0,93.0,100%,100%,LOSS,0
4728,Drewniany stół do masażu i rehabilitacji 3-segmentowy składany w walizkę + torba,MultiStore,5905817007417,350.0,350.0,350.0,100%,100%,LOSS,4
4729,Stołek obrotowy z oparciem taboret kosmetyczny medyczny fotel regulowany czarny ,MultiStore,5905817007516,135.0,135.0,135.0,100%,100%,LOSS,0
4730,Aluminiowy stół do masażu i rehabilitacji 3-segmentowy składany w walizkę + torb,MultiStore,5905817007431,370.0,370.0,370.0,100%,100%,LOSS,0
4731,Aluminiowy stół do masażu i rehabilitacji 2-segmentowy składany w walizkę + torb,MultiStore,5905817007424,340.0,340.0,340.0,100%,100%,LOSS,0
4732,Stołek obrotowy siodło taboret kosmetyczny medyczny fotel regulowany czarny Mode,MultiStore,5905817007363,99.0,99.0,99.0,100%,100%,LOSS,0
4733,Stołek obrotowy taboret kosmetyczny medyczny fotel regulowany czarny ModernHome,MultiStore,5905817007394,79.0,79.0,79.0,100%,100%,LOSS,33
4734,Mata piankowa dla dzieci edukacyjna dwustronna zwijana alfabet ECOTOYS,MultiStore,5905817007912,75.0,75.0,75.0,100%,100%,LOSS,0
4738,Gitara ukulele dla dzieci drewniana 4 struny nylonowe kostka do gry ECOTOYS,MultiStore,5905817007189,39.0,39.0,39.0,100%,100%,LOSS,12
4740,Drewniany ekspres do kawy dla dzieci zestaw baristy 8 elementów ECOTOYS,MultiStore,5905817007332,34.0,34.0,34.0,100%,100%,LOSS,34
4741,Kuchnia dla dzieci piekarnik pralka mikrofala 12 akcesoriów ECOTOYS,MultiStore,5905817007349,220.0,220.0,220.0,100%,100%,LOSS,23
4744,Stojak na ręczniki 4 szczeble - czarny,MultiStore,5903332086719,101.0,101.0,101.0,100%,100%,LOSS,0
4745,Stojak na ręczniki 4 szczeble - biały,MultiStore,5903332086733,101.0,101.0,101.0,100%,100%,LOSS,0
4746,Stojak na ręczniki 4 szczeble - złoty,MultiStore,5903332086726,102.0,102.0,102.0,100%,100%,LOSS,0
49,Wodny plac zabaw basen brodzik zjeżdżalnia INTEX 57453,MultiStore,6941057402499,210.0,210.0,210.0,100%,100%,LOSS,0
499,Wieszak stojak na ubrania podłogowy czarny ModernHome,MultiStore,5903089060956,69.0,69.0,69.0,100%,100%,LOSS,0
552,Materac welurowy do spania dwuosobowy dmuchany 203x152 cm INTEX 64103,MultiStore,6941057408378,55.0,55.0,55.0,100%,100%,LOSS,0
560,Basen ogrodowy z siedzeniami dmuchany 229x229 cm INTEX 56475,MultiStore,6941057454757,135.0,135.0,135.0,100%,100%,LOSS,0
561,Basen ogrodowy z siedzeniami 229x224 cm INTEX 57190,MultiStore,6941057451909,175.0,175.0,175.0,100%,100%,LOSS,0
562,Basen wodny plac zabaw dla dzieci zjeżdżalnia fontanna INTEX 57444,MultiStore,6941057402482,168.0,168.0,168.0,100%,100%,LOSS,0
563,Basen dmuchany dla dzieci wodny plac zabaw zjeżdżalnia fontanna INTEX 57135,MultiStore,6941057402505,210.0,210.0,210.0,100%,100%,LOSS,4
571,Suszarka na pranie pionowa 3 poziomy 15 metrów powierzchni suszenia ModernHome,MultiStore,5903089063421,69.0,69.0,69.0,100%,100%,LOSS,53
575,Zestaw krzeseł do jadalni salonu z ekoskóry 4 sztuki wysokie oparcie szare Moder,MultiStore,5903089064589,245.0,245.0,245.0,100%,100%,LOSS,26
576,Zestaw krzeseł do jadalni salonu z krzesło ekoskóry 4 sztuki wysokie oparcie bia,MultiStore,5903089064602,245.0,245.0,245.0,100%,100%,LOSS,14
577,Zestaw krzeseł do jadalni salonu z ekoskóry 4 sztuki wysokie oparcie czarne Mode,MultiStore,5903089064558,245.0,245.0,245.0,100%,100%,LOSS,33
578,Zestaw krzesła tapicerowane do jadalni i salonu 4 sztuki szare ModernHome,MultiStore,5903089064893,250.0,250.0,250.0,100%,100%,LOSS,75
585,Fotel ogrodowy leżak leżanka bujana ogrodowa hamak MultiGarden,MultiStore,5903769971756,430.0,430.0,430.0,100%,100%,LOSS,0
586,Leżanka leżak ogrodowy z daszkiem huśtawka hamak MultiGarden,MultiStore,5903089061304,440.0,440.0,440.0,100%,100%,LOSS,0
606,Materac dmuchany do pływania INTEX 58802 WHITE,MultiStore,5903769976270,31.0,31.0,31.0,100%,100%,LOSS,0
617,"ROWEREK BIEGOWY DLA DZIECI BEZPIECZNA KONSTRUKCJA KOŁA EVA ""ZEBR HOPLA TOYS",MultiStore,5903089062264,99.0,99.0,99.0,100%,100%,LOSS,0
619,"ROWEREK BIEGOWY DLA DZIECI BEZPIECZNA KONSTRUKCJA KOŁA EVA ""ŻYRA HOPLA TOYS",MultiStore,5903089063056,99.0,99.0,99.0,100%,100%,LOSS,33
620,Materac dmuchany flaming leżanka do pływania INTEX 57558,MultiStore,6941057403021,47.0,47.0,47.0,100%,100%,LOSS,0
63,Siatka ochronna wewnętrzna na trampolinę 10 ft 6 słupków 305 cm,MultiStore,5903089067986,77.0,77.0,77.0,100%,100%,LOSS,0
636,NAMIOT DLA DZIECI NAMIOCIK DOMEK POSTERUNEK POLICJI HOPLA TOYS,MultiStore,6958868881818,51.0,51.0,51.0,100%,100%,LOSS,397
637,NAMIOT DLA DZIECI NAMIOCIK DOMEK ZOO HOPLA TOYS,MultiStore,6958868881825,34.0,34.0,34.0,100%,100%,LOSS,477
639,Fotel plażowy materac leżak na basen INTEX 58802 BLUE,MultiStore,6941057408903,31.0,31.0,31.0,100%,100%,LOSS,0
64,Wewnętrzna siatka ochronna na trampolinę 10 ft 8 słupków 305 cm,MultiStore,5903089061847,77.0,77.0,77.0,100%,100%,LOSS,15
65,Siatka zewnętrzna do trampoliny 10 ft 6 słupków 305 cm,MultiStore,5903089061939,83.0,83.0,83.0,100%,100%,LOSS,0
66,Siatka ochronna zewnętrzna na trampolinę 10 ft 8 słupków 305 cm,MultiStore,5903089061892,87.0,87.0,87.0,100%,100%,LOSS,0
67,Wewnętrzna siatka do trampoliny 12 ft 8 słupków 366 cm,MultiStore,5903089061861,85.0,85.0,85.0,100%,100%,LOSS,0
670,DREWNIANA KUCHNIA DLA DZIECI DODATKOWE AKCESORIA PREMIUM HOPLA TOYS,MultiStore,5903089063469,230.0,230.0,230.0,100%,100%,LOSS,34
7,Filtr filtry typ A - do pompy basenu INTEX 29000 - 6 sztuk,MultiStore,6941057420004,57.0,57.0,57.0,100%,100%,LOSS,0
709,STÓŁ NARZĘDZIOWY DREWNIANY WARSZTAT 32 ELEMENTY ZABAWKI HOPLA TOYS,MultiStore,5903089063094,150.0,150.0,150.0,100%,100%,LOSS,0
735,Zestaw urodzinowy - Tort do krojenia 80 elementów LED,MultiStore,5903089068471,29.0,29.0,29.0,100%,100%,LOSS,99
754,Regał szafka modułowa komoda półki biała ModernHome,MultiStore,5903089064848,121.0,121.0,121.0,100%,100%,LOSS,4
761,Zestaw 4 krzeseł krzesło do salonu jadalni z poduszką białe ModernHome,MultiStore,5905817003235,289.0,289.0,289.0,100%,100%,LOSS,0
769,Zestaw krzeseł do jadalni salonu z ekoskóry 4 sztuki wysokie oparcie brązowe Mod,MultiStore,5903089064596,245.0,245.0,245.0,100%,100%,LOSS,0
770,Wieszak na ubrania odzież stojak stojący ModernHome,MultiStore,5903089063681,70.0,70.0,70.0,100%,100%,LOSS,22
773,Zestaw krzesła krzesło tapicerowane do jadalni i salonu 4 sztuki czarne ModernHo,MultiStore,5903089064862,250.0,250.0,250.0,100%,100%,LOSS,87
774,Ławka ławeczka do ćwiczeń pod sztangę modlitewnik ModernHome,MultiStore,5903089063407,360.0,360.0,360.0,100%,100%,LOSS,0
827,Leżanka leżak ogrodowy z daszkiem huśtawka MultiGarden,MultiStore,5903089063889,469.0,469.0,469.0,100%,100%,LOSS,0
833,HUŚTAWKA OGRODOWA ROZKŁADANA 3-OSOBOWA BEŻOWA GARDENSTEIN FALKEN 160 X 110,Kathay,5903089065562,739.0,739.0,739.0,100%,100%,LOSS,109
840,SUSZARKA OGRODOWA OBROTOWA ALUMINIOWA 60 M GARDENSTEIN JERN Z POKROWCEM,Kathay,5903089065227,129.0,129.0,129.0,100%,100%,LOSS,1574
845,STÓŁ NARZĘDZIOWY DREWNIANY ZESTAW KONSTRUKCYJNY 52 ELEMENTY HOPLA TOYS,MultiStore,5905817004300,55.0,55.0,55.0,100%,100%,LOSS,140
850,"ROWEREK BIEGOWY DLA DZIECI BEZPIECZNA KONSTRUKCJA KOŁA EVA ""FLAM HOPLA TOYS",MultiStore,5903089065265,99.0,99.0,99.0,100%,100%,LOSS,0
851,Leżanka huśtawka ogrodowa hamak fotel wiszący kosz beżowa MultiGarden,MultiStore,5903089063872,529.0,529.0,529.0,100%,100%,LOSS,0
891,"Warsztat narzędzia dla dzieci stół narzędziowy ""Superior""",MultiStore,5903089065531,65.0,65.0,65.0,100%,100%,LOSS,33
906,Pokrywa plandeka osłona basenu 366 cm INTEX 28031,MultiStore,6941057420318,33.0,33.0,33.0,100%,100%,LOSS,0
910,DOMEK DLA LALEK + MEBELKI WYSOKA REZYDENCJA JAGODOWA HOPLA TOYS,MultiStore,5903089065289,160.0,160.0,160.0,100%,100%,LOSS,0
911,NAMIOT DLA DZIECI DOMEK SUCHY BASEN DINO HOPLA TOYS,MultiStore,6958868881634,30.0,30.0,30.0,100%,100%,LOSS,208
913,NAMIOT DLA DZIECI DOMEK DO ZABAWY SUCHY BASEN FARMA HOPLA TOYS,MultiStore,6958868881733,49.0,49.0,49.0,100%,100%,LOSS,0
914,NAMIOT DLA DZIECI DO ZABAWY RÓŻOWY NAMIOCIK DOMEK HOPLA TOYS,MultiStore,6958868887261,35.0,35.0,35.0,100%,100%,LOSS,244
922,ROWEREK BIEGOWY TRENINGOWY MINI ROWER DLA DZIECI RÓŻOWY HOPLA TOYS,MultiStore,5903089066460,65.0,65.0,65.0,100%,100%,LOSS,20
923,ROWEREK BIEGOWY TRENINGOWY MINI ROWER DLA DZIECI BIAŁY HOPLA TOYS,MultiStore,5903089065456,49.0,49.0,49.0,100%,100%,LOSS,0
948,Fotel bujany regulowany podnóżek biała rama ModernHome,MultiStore,5903769979493,270.0,270.0,270.0,100%,100%,LOSS,36
956,Wieszak na ubrania + szafka regał półka na buty ModernHome,MultiStore,5903089065821,119.0,119.0,119.0,100%,100%,LOSS,0
969,DREWNIANA KUCHNIA Z AKCESORIAMI DLA DZIECI PREMIUM EDUKACYJNA HOPLA TOYS,MultiStore,5903089065586,230.0,230.0,230.0,100%,100%,LOSS,28
975,DREWNIANE JEDZENIE DO KROJENIA 23 SZTUKI BEZPIECZNA HOPLA TOYS,MultiStore,5903089065593,59.0,59.0,59.0,100%,100%,LOSS,137
